team,pitcher,pitcher_rest,date,season
BPH,richaly01,6.0,2016-04-14,2016
BPH,richaly01,5.0,2016-05-22,2016
BPH,diazyi01,6.0,2016-06-24,2016
BPH,montera01,6.0,2016-06-25,2016
BPH,,5.0,2016-07-31,2016
BPH,howarsa01,5.0,2017-04-11,2017
BPH,smithaj01,6.0,2017-04-14,2017
BPH,diazyi01,7.0,2017-05-20,2017
BPH,merriry01,5.0,2017-06-11,2017
BPH,howarsa01,6.0,2017-06-13,2017
BPH,merriry01,6.0,2017-06-23,2017
BPH,howarsa01,6.0,2017-06-24,2017
BPH,smithaj01,5.0,2017-07-01,2017
BPH,diazyi01,5.0,2017-07-07,2017
BPH,diazyi01,5.0,2017-07-21,2017
BPH,smithaj01,5.0,2017-07-23,2017
BPH,montera01,5.0,2017-07-29,2017
BPH,syndeno01,5.0,2018-04-14,2018
BPH,smithaj01,6.0,2018-05-12,2018
BPH,,6.0,2018-07-27,2018
BPH,kochma01,0.0,2019-03-30,2019
BPH,smithaj01,0.0,2019-03-31,2019
BPH,merriry01,0.0,2019-04-07,2019
BPH,kochma01,6.0,2019-04-21,2019
BPH,syndeno01,6.0,2019-04-26,2019
BPH,syndeno01,5.0,2019-07-20,2019
BPH,kochma01,5.0,2019-07-23,2019
BPH,wicksjo01,6.0,2021-04-23,2021
BPH,diazyi01,5.0,2021-05-02,2021
BPH,merriry01,5.0,2021-07-01,2021
BPH,ginnjt01,5.0,2021-07-07,2021
BPH,wicksjo01,5.0,2021-07-22,2021
BPH,leiteja01,0.0,2021-07-24,2021
BPH,kochma01,6.0,2022-06-07,2022
BPH,syndeno01,6.0,2022-06-09,2022
BPH,kochma01,5.0,2022-06-28,2022
BPH,merriry01,5.0,2022-07-08,2022
BPH,quintjo01,5.0,2023-04-17,2023
BPH,leiteja01,5.0,2023-04-19,2023
BPH,syndeno01,5.0,2023-05-25,2023
BPH,quintjo01,5.0,2023-06-07,2023
BPH,syndeno01,5.0,2023-06-21,2023
BPH,,4.0,2023-07-05,2023
BPH,quintjo01,0.0,2023-07-06,2023
BPH,arihako01,0.0,2023-07-18,2023
BPH,arihako01,5.0,2023-07-28,2023
DPS,faedoal01,5.0,2016-04-09,2016
DPS,armstsh01,8.0,2016-04-21,2016
DPS,holmegr01,5.0,2016-05-10,2016
DPS,,0.0,2016-05-28,2016
DPS,faedoal01,5.0,2016-07-08,2016
DPS,campbpa02,5.0,2016-07-27,2016
DPS,couloda01,5.0,2017-04-24,2017
DPS,campbpa02,5.0,2017-05-21,2017
DPS,adlemti01,6.0,2017-05-25,2017
DPS,diazmi02,5.0,2017-05-28,2017
DPS,wachami01,0.0,2017-05-31,2017
DPS,wachami01,6.0,2017-06-30,2017
DPS,faedoal01,6.0,2017-07-07,2017
DPS,diazmi02,5.0,2017-07-22,2017
DPS,wachami01,29.0,2017-07-29,2017
DPS,garzaju01,6.0,2018-05-13,2018
DPS,alexaty01,6.0,2018-06-01,2018
DPS,faedoal01,6.0,2018-06-25,2018
DPS,morgaad01,12.0,2018-07-22,2018
DPS,howarsa01,0.0,2019-03-31,2019
DPS,simonal01,21.0,2019-06-02,2019
DPS,oberba01,5.0,2019-06-16,2019
DPS,simonal01,5.0,2019-06-18,2019
DPS,godleza01,6.0,2019-07-06,2019
DPS,oberba01,6.0,2019-07-20,2019
DPS,allarko01,6.0,2021-04-12,2021
DPS,allarko01,6.0,2021-05-09,2021
DPS,rucindr01,6.0,2021-05-10,2021
DPS,woodtr01,5.0,2021-05-11,2021
DPS,garream01,5.0,2021-05-23,2021
DPS,garream01,5.0,2021-06-03,2021
DPS,tsengje01,5.0,2021-06-24,2021
DPS,allarko01,5.0,2021-07-06,2021
DPS,woodtr01,6.0,2021-07-09,2021
DPS,duffyda01,5.0,2022-04-29,2022
DPS,martico01,5.0,2022-05-22,2022
DPS,couloda01,5.0,2022-06-05,2022
DPS,bergmch01,5.0,2022-07-30,2022
DPS,couloda01,0.0,2023-04-02,2023
DPS,suarejo01,6.0,2023-04-16,2023
DPS,boshebu01,6.0,2023-04-24,2023
DPS,suarejo01,7.0,2023-05-21,2023
DPS,couloda01,5.0,2023-06-21,2023
DPS,suarejo01,6.0,2023-07-02,2023
ECN,barnema01,5.0,2016-05-05,2016
ECN,mikolmi01,6.0,2016-06-07,2016
ECN,kellemi03,5.0,2016-07-02,2016
ECN,mikolmi01,5.0,2016-07-03,2016
ECN,surkaer01,7.0,2017-04-30,2017
ECN,weathry01,5.0,2017-05-06,2017
ECN,pelfrmi01,5.0,2017-05-24,2017
ECN,hearnta01,6.0,2017-06-06,2017
ECN,surkaer01,5.0,2017-06-07,2017
ECN,hearnta01,5.0,2017-07-07,2017
ECN,reaco01,5.0,2017-07-26,2017
ECN,shephch01,5.0,2018-04-18,2018
ECN,chenwe02,6.0,2018-06-12,2018
ECN,shephch01,7.0,2018-06-20,2018
ECN,verlaju01,5.0,2018-07-01,2018
ECN,walstbl01,5.0,2019-05-03,2019
ECN,buehlwa01,5.0,2021-04-25,2021
ECN,reyesde02,5.0,2021-04-27,2021
ECN,buehlwa01,5.0,2021-05-13,2021
ECN,buehlwa01,6.0,2021-06-10,2021
ECN,rodrich01,6.0,2021-06-12,2021
ECN,buehlwa01,5.0,2021-06-15,2021
ECN,shephch01,8.0,2021-07-16,2021
ECN,geedi01,8.0,2021-07-27,2021
ECN,,0.0,2022-04-14,2022
ECN,buehlwa01,0.0,2022-05-09,2022
ECN,geedi01,5.0,2022-05-28,2022
ECN,buehlwa01,7.0,2022-06-22,2022
ECN,avilape01,10.0,2022-07-22,2022
ECN,buehlwa01,13.0,2022-07-27,2022
ECN,avilape01,0.0,2023-04-02,2023
ECN,lowthza01,5.0,2023-04-14,2023
ECN,bendean01,6.0,2023-05-01,2023
ECN,bendean01,6.0,2023-05-20,2023
ECN,avilape01,5.0,2023-05-28,2023
ECN,sorokmi01,6.0,2023-06-20,2023
ECN,bendean01,5.0,2023-06-28,2023
ECN,borucry01,0.0,2023-07-17,2023
FBW,mchugco01,6.0,2016-04-21,2016
FBW,winanal01,5.0,2016-06-27,2016
FBW,payamjo01,0.0,2016-07-19,2016
FBW,hamilia01,0.0,2017-04-07,2017
FBW,detmere01,6.0,2017-04-22,2017
FBW,winanal01,5.0,2017-05-19,2017
FBW,hamilia01,5.0,2017-05-22,2017
FBW,baumami01,11.0,2017-06-17,2017
FBW,hamilia01,11.0,2017-07-17,2017
FBW,payamjo01,6.0,2017-07-28,2017
FBW,baumami01,6.0,2018-06-09,2018
FBW,winanal01,5.0,2018-06-23,2018
FBW,detmere01,6.0,2019-04-12,2019
FBW,,6.0,2019-04-26,2019
FBW,hendrky01,5.0,2019-05-08,2019
FBW,winanal01,5.0,2019-06-26,2019
FBW,kremede01,21.0,2019-07-15,2019
FBW,warrewi01,5.0,2019-07-31,2019
FBW,warrewi01,5.0,2021-04-14,2021
FBW,bettial01,6.0,2021-05-14,2021
FBW,hendrky01,5.0,2021-05-16,2021
FBW,hendrky01,5.0,2021-06-01,2021
FBW,martini01,7.0,2021-06-27,2021
FBW,hellije01,6.0,2022-05-04,2022
FBW,hendrky01,7.0,2022-05-07,2022
FBW,,6.0,2022-07-04,2022
FBW,warrewi01,5.0,2022-07-15,2022
FBW,jacksed01,9.0,2022-07-23,2022
FBW,hendrky01,6.0,2023-04-22,2023
FBW,hendrky01,6.0,2023-05-09,2023
FBW,payanpe01,6.0,2023-05-14,2023
FBW,,5.0,2023-05-26,2023
FBW,jacksed01,6.0,2023-06-10,2023
FBW,,0.0,2023-06-16,2023
GKO,fillmhe01,0.0,2016-04-04,2016
GKO,,0.0,2016-04-16,2016
GKO,woodtr01,5.0,2016-04-18,2016
GKO,fillmhe01,7.0,2016-04-26,2016
GKO,parkebl01,5.0,2016-07-09,2016
GKO,hatchto01,5.0,2017-04-12,2017
GKO,skenepa01,5.0,2017-05-12,2017
GKO,hatchto01,6.0,2017-05-27,2017
GKO,skenepa01,5.0,2017-06-13,2017
GKO,wrighmi01,5.0,2017-07-07,2017
GKO,hergeji01,26.0,2017-07-18,2017
GKO,reyesde02,5.0,2017-07-26,2017
GKO,parkebl01,7.0,2018-05-09,2018
GKO,biagijo01,6.0,2018-06-28,2018
GKO,wrighmi01,6.0,2018-06-30,2018
GKO,wrighmi01,5.0,2018-07-11,2018
GKO,parkebl01,5.0,2018-07-15,2018
GKO,hergeji01,9.0,2019-07-14,2019
GKO,gearrco01,6.0,2021-04-21,2021
GKO,hatchto01,5.0,2021-07-29,2021
GKO,colege01,6.0,2022-07-03,2022
GKO,wrighmi01,5.0,2023-04-04,2023
GKO,gearrco01,5.0,2023-04-24,2023
GKO,wrighmi01,16.0,2023-04-26,2023
GKO,hergeji01,5.0,2023-05-10,2023
GKO,hatchto01,6.0,2023-05-20,2023
GKO,castidi01,6.0,2023-05-21,2023
GKO,luzarje01,5.0,2023-05-24,2023
GKO,castidi01,6.0,2023-06-01,2023
GKO,brighje01,5.0,2023-06-18,2023
GKO,hatchto01,5.0,2023-06-28,2023
GKO,megilty01,20.0,2023-07-21,2023
GLO,jamesjo02,0.0,2016-04-13,2016
GLO,senzaan01,5.0,2016-04-25,2016
GLO,finnebr01,6.0,2016-05-07,2016
GLO,finnebr01,5.0,2016-05-17,2016
GLO,senzaan01,5.0,2016-06-19,2016
GLO,carasma01,9.0,2016-07-01,2016
GLO,carasma01,0.0,2017-04-12,2017
GLO,senzaan01,6.0,2017-05-12,2017
GLO,nunezda01,10.0,2017-07-16,2017
GLO,diazjh01,5.0,2017-07-23,2017
GLO,henryto01,5.0,2018-04-13,2018
GLO,diazjh01,0.0,2018-05-01,2018
GLO,henryto01,0.0,2018-06-04,2018
GLO,senzaan01,5.0,2018-07-11,2018
GLO,garzaju01,0.0,2019-03-31,2019
GLO,cainma01,0.0,2019-04-30,2019
GLO,matusbr01,5.0,2019-05-27,2019
GLO,matusbr01,6.0,2019-07-26,2019
GLO,seaboco01,5.0,2019-07-30,2019
GLO,cainma01,6.0,2021-05-24,2021
GLO,lauerer01,5.0,2021-07-26,2021
GLO,adamsch01,5.0,2022-05-01,2022
GLO,lockewa01,5.0,2022-06-04,2022
GLO,,0.0,2023-04-02,2023
GLO,,6.0,2023-04-08,2023
GLO,adamsch01,7.0,2023-05-17,2023
GLO,adamsch01,5.0,2023-05-28,2023
GLO,lauerer01,77.0,2023-06-27,2023
GLO,searsjp01,5.0,2023-06-30,2023
GLO,lackejo01,16.0,2023-07-23,2023
GUT,blackma01,0.0,2016-04-07,2016
GUT,strahma01,6.0,2016-04-12,2016
GUT,hugheph01,5.0,2016-04-25,2016
GUT,,0.0,2016-07-08,2016
GUT,,10.0,2016-07-18,2016
GUT,fostema01,5.0,2016-07-29,2016
GUT,iwakuhi01,6.0,2017-05-16,2017
GUT,taillja01,5.0,2017-05-18,2017
GUT,kellemi03,5.0,2017-07-07,2017
GUT,blackma01,6.0,2017-07-24,2017
GUT,,0.0,2018-03-31,2018
GUT,bradlta01,6.0,2018-04-19,2018
GUT,millsal02,5.0,2018-05-21,2018
GUT,fostema01,0.0,2018-05-25,2018
GUT,kellemi03,5.0,2018-06-19,2018
GUT,wilsobr02,5.0,2018-07-08,2018
GUT,birdja01,6.0,2019-04-07,2019
GUT,birdja01,7.0,2019-05-14,2019
GUT,raganco01,6.0,2019-05-24,2019
GUT,millsal02,5.0,2019-06-22,2019
GUT,wilkad01,6.0,2019-07-02,2019
GUT,barneja01,6.0,2021-04-14,2021
GUT,barneja01,6.0,2021-04-20,2021
GUT,staumjo01,11.0,2021-07-31,2021
GUT,hentgsa01,5.0,2022-05-01,2022
GUT,hentgsa01,5.0,2022-05-16,2022
GUT,hentgsa01,6.0,2022-05-22,2022
GUT,raganco01,5.0,2022-07-08,2022
GUT,staumjo01,5.0,2022-07-11,2022
GUT,millebr04,0.0,2022-07-16,2022
GUT,raganco01,5.0,2022-07-31,2022
GUT,sandopa02,6.0,2023-05-14,2023
GUT,peterda01,7.0,2023-05-17,2023
GUT,peterda01,5.0,2023-05-27,2023
GUT,gassero01,5.0,2023-05-28,2023
GUT,hentgsa01,6.0,2023-06-27,2023
GUT,priesqu01,5.0,2023-07-05,2023
HAN,becktr01,5.0,2016-04-28,2016
HAN,kintzbr01,0.0,2016-05-04,2016
HAN,widenta01,6.0,2016-06-09,2016
HAN,becktr01,5.0,2016-06-16,2016
HAN,becktr01,5.0,2017-04-10,2017
HAN,kintzbr01,9.0,2017-04-29,2017
HAN,becktr01,16.0,2017-07-16,2017
HAN,mckaybr01,7.0,2017-07-25,2017
HAN,,0.0,2017-07-30,2017
HAN,hanifbr01,5.0,2018-04-04,2018
HAN,becktr01,6.0,2018-04-24,2018
HAN,widenta01,6.0,2018-05-15,2018
HAN,widenta01,5.0,2018-07-06,2018
HAN,hanifbr01,0.0,2019-03-28,2019
HAN,wingetr01,6.0,2019-04-28,2019
HAN,kintzbr01,7.0,2019-06-04,2019
HAN,iveyty01,5.0,2019-06-11,2019
HAN,kintzbr01,6.0,2019-07-18,2019
HAN,,0.0,2019-07-27,2019
HAN,,6.0,2019-07-30,2019
HAN,hanifbr01,5.0,2021-04-16,2021
HAN,goudeas01,0.0,2021-04-17,2021
HAN,mizeca01,5.0,2021-04-24,2021
HAN,cobbal01,0.0,2021-05-06,2021
HAN,mizeca01,5.0,2021-05-09,2021
HAN,cobbal01,5.0,2021-05-22,2021
HAN,hanifbr01,5.0,2021-05-30,2021
HAN,hammeja01,0.0,2022-04-09,2022
HAN,hammeja01,6.0,2022-05-23,2022
HAN,iveyty01,6.0,2022-07-04,2022
HAN,silsech01,7.0,2022-07-13,2022
HAN,mcguide02,0.0,2022-07-16,2022
HAN,,0.0,2023-04-01,2023
HAN,,5.0,2023-04-06,2023
HAN,rodried05,6.0,2023-04-14,2023
HAN,iveyty01,6.0,2023-04-29,2023
HAN,silsech01,5.0,2023-05-05,2023
HAN,smithbu03,5.0,2023-05-08,2023
HAN,iveyty01,9.0,2023-07-18,2023
HXK,henryto01,6.0,2016-04-23,2016
HXK,nixja02,6.0,2016-05-03,2016
HXK,effrosc01,5.0,2016-05-22,2016
HXK,effrosc01,5.0,2016-06-02,2016
HXK,henryto01,8.0,2016-06-19,2016
HXK,millesh01,6.0,2016-07-02,2016
HXK,nixja02,5.0,2016-07-08,2016
HXK,henryto01,5.0,2017-04-12,2017
HXK,suarean01,5.0,2017-04-22,2017
HXK,suarean01,6.0,2017-04-28,2017
HXK,suarean01,5.0,2017-05-03,2017
HXK,effrosc01,56.0,2017-07-28,2017
HXK,suarean01,6.0,2017-07-31,2017
HXK,lewisco01,0.0,2018-03-31,2018
HXK,effrosc01,6.0,2018-04-16,2018
HXK,briesbe01,5.0,2018-06-02,2018
HXK,phillty01,5.0,2018-06-29,2018
HXK,briesbe01,5.0,2018-06-30,2018
HXK,effrosc01,7.0,2018-07-27,2018
HXK,nixja02,5.0,2019-04-10,2019
HXK,briesbe01,5.0,2019-04-24,2019
HXK,phillty01,6.0,2019-06-25,2019
HXK,rodrich01,6.0,2019-06-28,2019
HXK,briesbe01,6.0,2019-06-29,2019
HXK,,0.0,2019-07-15,2019
HXK,phillty01,5.0,2019-07-22,2019
HXK,friedch01,5.0,2019-07-31,2019
HXK,mantijo01,6.0,2021-06-01,2021
HXK,graveke01,7.0,2021-06-26,2021
HXK,graveke01,6.0,2022-04-19,2022
HXK,mantijo01,6.0,2022-04-24,2022
HXK,graveke01,6.0,2022-05-13,2022
HXK,graveke01,6.0,2022-07-09,2022
HXK,graveke01,6.0,2023-04-22,2023
HXK,friedch01,6.0,2023-04-30,2023
HXK,worleva01,6.0,2023-05-02,2023
HXK,meansjo01,6.0,2023-06-11,2023
HXK,graveke01,7.0,2023-07-15,2023
JBM,martico02,6.0,2016-05-28,2016
JBM,liriafr01,6.0,2016-06-22,2016
JBM,liriafr01,5.0,2016-07-27,2016
JBM,liriafr01,5.0,2017-05-23,2017
JBM,jonesja09,5.0,2018-04-12,2018
JBM,,4.0,2018-04-21,2018
JBM,jonesja09,5.0,2018-04-29,2018
JBM,civalaa01,6.0,2018-07-01,2018
JBM,hernafe02,5.0,2019-04-24,2019
JBM,hernafe02,7.0,2019-05-25,2019
JBM,moorean02,5.0,2021-05-13,2021
JBM,cottojh01,6.0,2021-05-15,2021
JBM,francbo01,5.0,2021-05-16,2021
JBM,bruihju01,8.0,2021-06-26,2021
JBM,ashbyaa01,5.0,2022-05-19,2022
JBM,civalaa01,5.0,2022-05-21,2022
JBM,shiplbr01,5.0,2022-06-10,2022
JBM,mannima02,5.0,2022-06-14,2022
JBM,mannima02,7.0,2022-07-24,2022
JBM,francbo01,5.0,2023-05-16,2023
JBM,francbo01,6.0,2023-06-10,2023
JBM,meyeral01,10.0,2023-07-15,2023
JEM,scholje01,0.0,2016-04-07,2016
JEM,scholje01,5.0,2016-05-04,2016
JEM,castehu01,5.0,2016-05-11,2016
JEM,swarmma01,5.0,2016-05-13,2016
JEM,bellch02,0.0,2016-05-17,2016
JEM,scholje01,9.0,2016-05-30,2016
JEM,fittsri01,6.0,2016-06-11,2016
JEM,wagueja01,0.0,2017-04-06,2017
JEM,bellch02,6.0,2017-04-14,2017
JEM,tropeni01,5.0,2017-04-18,2017
JEM,bellch02,5.0,2017-06-02,2017
JEM,tropeni01,6.0,2017-06-11,2017
JEM,wagueja01,6.0,2017-06-20,2017
JEM,wagueja01,5.0,2017-06-25,2017
JEM,tropeni01,5.0,2018-04-21,2018
JEM,castehu01,6.0,2018-05-11,2018
JEM,scholje01,6.0,2018-05-15,2018
JEM,scholje01,5.0,2018-05-20,2018
JEM,,13.0,2018-06-01,2018
JEM,,0.0,2018-06-07,2018
JEM,ortizlu03,6.0,2018-06-08,2018
JEM,scholje01,5.0,2018-06-27,2018
JEM,scholje01,5.0,2018-07-02,2018
JEM,castehu01,13.0,2018-07-24,2018
JEM,swarmma01,6.0,2019-04-09,2019
JEM,castehu01,11.0,2019-05-26,2019
JEM,bellch02,5.0,2021-04-06,2021
JEM,ortizlu03,5.0,2021-05-22,2021
JEM,ortizlu03,5.0,2021-06-02,2021
JEM,bellch02,5.0,2021-06-16,2021
JEM,bassich01,6.0,2021-06-21,2021
JEM,bellch02,6.0,2021-07-03,2021
JEM,,0.0,2021-07-07,2021
JEM,ortizlu03,7.0,2021-07-17,2021
JEM,ortizlu03,5.0,2022-04-19,2022
JEM,bellch02,6.0,2022-04-30,2022
JEM,ortizlu03,7.0,2022-05-08,2022
JEM,marshal01,6.0,2022-05-16,2022
JEM,ortizlu03,5.0,2022-06-04,2022
JEM,bassich01,7.0,2022-07-23,2022
JEM,bellch02,0.0,2023-04-01,2023
JEM,perezma02,0.0,2023-05-23,2023
JEM,perezma02,6.0,2023-06-10,2023
JEM,perezma02,6.0,2023-07-28,2023
KFH,middlke01,5.0,2016-04-25,2016
KFH,garzaju01,0.0,2016-04-27,2016
KFH,garzaju01,6.0,2016-05-15,2016
KFH,middlke01,6.0,2017-04-30,2017
KFH,waldike01,5.0,2017-05-03,2017
KFH,elderbr01,5.0,2017-05-09,2017
KFH,waldike01,5.0,2017-05-13,2017
KFH,kendrky01,6.0,2017-05-23,2017
KFH,abbotco01,5.0,2017-05-24,2017
KFH,waldike01,5.0,2018-05-02,2018
KFH,,0.0,2018-05-30,2018
KFH,,6.0,2018-06-05,2018
KFH,waldike01,6.0,2018-06-25,2018
KFH,suarean01,6.0,2019-04-09,2019
KFH,waldike01,0.0,2019-06-09,2019
KFH,ranauan01,2.0,2019-06-18,2019
KFH,,0.0,2021-04-01,2021
KFH,willitr01,0.0,2021-04-03,2021
KFH,,0.0,2021-04-10,2021
KFH,smithaj01,5.0,2021-04-21,2021
KFH,willitr01,6.0,2021-05-13,2021
KFH,castima03,5.0,2021-06-20,2021
KFH,castima03,7.0,2021-07-03,2021
KFH,koenija01,6.0,2022-05-14,2022
KFH,castima03,5.0,2022-06-20,2022
KFH,povicca01,55.0,2022-06-30,2022
KFH,castima03,6.0,2022-07-02,2022
KFH,hunteto02,5.0,2022-07-14,2022
KFH,neideni01,6.0,2023-05-31,2023
KFH,neideni01,7.0,2023-07-16,2023
KJP,oswalco01,5.0,2016-05-06,2016
KJP,zeuchtj01,6.0,2016-06-18,2016
KJP,,0.0,2016-06-27,2016
KJP,,6.0,2016-07-03,2016
KJP,garcilu05,5.0,2017-05-19,2017
KJP,wainwad01,7.0,2017-05-27,2017
KJP,snellbl01,5.0,2017-06-04,2017
KJP,zeuchtj01,6.0,2018-04-07,2018
KJP,oswalco01,5.0,2018-04-09,2018
KJP,wainwad01,5.0,2018-04-29,2018
KJP,wainwad01,5.0,2018-05-09,2018
KJP,garcilu05,0.0,2018-05-13,2018
KJP,freelky01,5.0,2018-06-25,2018
KJP,wainwad01,0.0,2019-03-31,2019
KJP,oswalco01,5.0,2019-05-29,2019
KJP,zeuchtj01,6.0,2019-06-08,2019
KJP,,5.0,2019-06-16,2019
KJP,wainwad01,5.0,2019-07-07,2019
KJP,carraca01,0.0,2021-05-05,2021
KJP,,7.0,2021-06-28,2021
KJP,glasnty01,7.0,2022-04-19,2022
KJP,rodried05,24.0,2022-05-17,2022
KJP,martefr01,5.0,2022-07-01,2022
KJP,happja01,6.0,2023-05-17,2023
KJP,detmere01,6.0,2023-05-25,2023
KJP,detmere01,7.0,2023-06-18,2023
KJP,johnser04,6.0,2023-07-26,2023
MOO,bibenau01,9.0,2016-05-05,2016
MOO,cobbal01,5.0,2016-05-15,2016
MOO,williga01,5.0,2016-05-23,2016
MOO,williga01,5.0,2016-07-10,2016
MOO,,0.0,2016-07-27,2016
MOO,williga01,0.0,2017-04-06,2017
MOO,cannigr01,0.0,2017-05-19,2017
MOO,bibenau01,7.0,2017-05-24,2017
MOO,cobbal01,5.0,2017-06-08,2017
MOO,williga01,5.0,2017-06-23,2017
MOO,danieda01,7.0,2017-07-15,2017
MOO,skenepa01,7.0,2018-04-17,2018
MOO,bibenau01,6.0,2018-04-26,2018
MOO,cobbal01,0.0,2018-04-30,2018
MOO,johnser04,6.0,2018-05-04,2018
MOO,cobbal01,6.0,2018-06-26,2018
MOO,,5.0,2018-07-26,2018
MOO,campbpa02,6.0,2019-04-10,2019
MOO,cobbal01,6.0,2019-05-01,2019
MOO,johnser04,6.0,2019-06-01,2019
MOO,johnser04,5.0,2019-06-06,2019
MOO,campbpa02,7.0,2019-07-30,2019
MOO,danieda01,0.0,2021-04-03,2021
MOO,,0.0,2021-04-13,2021
MOO,kerrra01,5.0,2021-04-26,2021
MOO,danieda01,14.0,2021-05-14,2021
MOO,danieda01,5.0,2021-06-09,2021
MOO,kerrra01,8.0,2021-07-18,2021
MOO,bibenau01,5.0,2021-07-31,2021
MOO,mayermi01,5.0,2022-06-07,2022
MOO,menacr01,0.0,2022-06-26,2022
MOO,mayermi01,5.0,2022-07-08,2022
MOO,carraca01,0.0,2022-07-23,2022
MOO,wilsost02,6.0,2023-05-12,2023
MOO,bibenau01,0.0,2023-05-25,2023
MOO,bibenau01,5.0,2023-06-10,2023
MOO,bibenau01,5.0,2023-07-09,2023
MOO,reyesal02,5.0,2023-07-21,2023
MZG,abbotan01,6.0,2016-04-24,2016
MZG,kaprija01,5.0,2016-05-17,2016
MZG,battepe01,0.0,2016-06-26,2016
MZG,abbotan01,0.0,2017-04-05,2017
MZG,kaprija01,0.0,2017-04-07,2017
MZG,kaprija01,7.0,2017-04-26,2017
MZG,neideni01,5.0,2017-05-28,2017
MZG,abbotan01,6.0,2017-06-02,2017
MZG,wingetr01,5.0,2017-06-14,2017
MZG,feldmsc01,5.0,2017-06-15,2017
MZG,battepe01,6.0,2018-04-04,2018
MZG,kaprija01,7.0,2018-04-07,2018
MZG,battepe01,5.0,2018-04-21,2018
MZG,neideni01,12.0,2018-05-19,2018
MZG,battepe01,6.0,2018-07-04,2018
MZG,battepe01,5.0,2018-07-09,2018
MZG,,0.0,2018-07-26,2018
MZG,battepe01,6.0,2019-04-03,2019
MZG,battepe01,6.0,2019-05-01,2019
MZG,feldmsc01,5.0,2019-06-02,2019
MZG,feldmsc01,6.0,2019-06-20,2019
MZG,feldmsc01,7.0,2019-07-03,2019
MZG,neideni01,5.0,2019-07-04,2019
MZG,danieda01,5.0,2019-07-19,2019
MZG,brighje01,5.0,2021-05-05,2021
MZG,brighje01,6.0,2021-05-11,2021
MZG,fiersmi01,9.0,2021-06-05,2021
MZG,kaprija01,6.0,2021-06-06,2021
MZG,claseem01,6.0,2022-05-31,2022
MZG,wainwad01,5.0,2022-06-16,2022
MZG,rucindr01,0.0,2022-06-26,2022
MZG,battepe01,6.0,2022-06-30,2022
MZG,anderdr02,17.0,2022-07-24,2022
MZG,battepe01,6.0,2023-04-11,2023
MZG,wainwad01,5.0,2023-04-12,2023
MZG,battepe01,6.0,2023-05-20,2023
MZG,wrighda04,5.0,2023-06-06,2023
MZG,claseem01,6.0,2023-07-08,2023
PDF,rockeku01,0.0,2016-04-10,2016
PDF,garream01,6.0,2016-05-14,2016
PDF,gonzami03,5.0,2016-07-29,2016
PDF,richaly01,6.0,2017-04-12,2017
PDF,gsellro01,7.0,2017-04-27,2017
PDF,alexaty01,6.0,2017-05-15,2017
PDF,scottch01,5.0,2017-05-18,2017
PDF,alexaty01,5.0,2017-05-20,2017
PDF,alexaty01,0.0,2017-05-25,2017
PDF,gsellro01,5.0,2017-06-13,2017
PDF,garream01,5.0,2017-06-23,2017
PDF,yarbrry01,5.0,2017-07-09,2017
PDF,wagueja01,7.0,2018-06-15,2018
PDF,garream01,11.0,2018-07-22,2018
PDF,,0.0,2019-03-30,2019
PDF,cruzfe01,5.0,2019-04-09,2019
PDF,dunnju01,5.0,2019-05-11,2019
PDF,,0.0,2021-04-04,2021
PDF,wilsost02,5.0,2021-04-11,2021
PDF,gonsoto01,12.0,2021-05-11,2021
PDF,garciri01,6.0,2021-06-15,2021
PDF,tillmch01,18.0,2021-07-21,2021
PDF,cruzfe01,6.0,2021-07-23,2021
PDF,fujinsh01,6.0,2022-04-15,2022
PDF,cruzfe01,6.0,2022-04-19,2022
PDF,hollojo01,6.0,2022-04-29,2022
PDF,suarean01,6.0,2022-05-14,2022
PDF,suarean01,6.0,2022-05-31,2022
PDF,cruzfe01,5.0,2022-06-14,2022
PDF,suarean01,0.0,2022-06-22,2022
PDF,anderia01,5.0,2022-06-26,2022
PDF,anderia01,0.0,2023-04-01,2023
PDF,barrija01,0.0,2023-04-05,2023
PDF,barrija01,6.0,2023-05-02,2023
PDF,barrija01,5.0,2023-06-11,2023
PDF,junkja01,8.0,2023-06-23,2023
PDF,suarean01,7.0,2023-06-25,2023
PDF,anderia01,7.0,2023-07-15,2023
PJT,johnser04,6.0,2016-05-14,2016
PJT,blackpa01,8.0,2016-06-09,2016
PJT,grayjo02,6.0,2016-07-02,2016
PJT,johnser04,6.0,2017-05-02,2017
PJT,holmegr01,5.0,2017-05-21,2017
PJT,finnebr01,5.0,2017-05-31,2017
PJT,tarnofr01,6.0,2017-06-10,2017
PJT,kochaja01,5.0,2017-07-26,2017
PJT,kochaja01,5.0,2018-05-06,2018
PJT,anderta01,5.0,2018-05-13,2018
PJT,,5.0,2018-06-10,2018
PJT,rodrije01,0.0,2018-06-24,2018
PJT,rodrije01,13.0,2018-07-24,2018
PJT,anderta01,5.0,2019-06-02,2019
PJT,murfepe01,6.0,2019-06-04,2019
PJT,murfepe01,5.0,2019-06-09,2019
PJT,gonzagi01,5.0,2019-06-23,2019
PJT,anderta01,5.0,2019-07-25,2019
PJT,effrosc01,5.0,2021-04-12,2021
PJT,stammcr01,6.0,2021-04-29,2021
PJT,howarsa01,5.0,2021-05-18,2021
PJT,anderta01,6.0,2021-06-22,2021
PJT,rodrije01,0.0,2021-07-01,2021
PJT,kaprija01,6.0,2022-05-06,2022
PJT,stammcr01,0.0,2022-05-17,2022
PJT,effrosc01,7.0,2022-05-21,2022
PJT,stammcr01,5.0,2022-06-09,2022
PJT,dunnida01,6.0,2023-04-15,2023
PJT,,6.0,2023-04-24,2023
PJT,howarsa01,0.0,2023-05-05,2023
PJT,dunnida01,7.0,2023-05-19,2023
PJT,dunnida01,6.0,2023-06-16,2023
PJT,howarsa01,5.0,2023-07-26,2023
QDH,jeffrje01,5.0,2016-04-28,2016
QDH,livelbe01,0.0,2016-04-29,2016
QDH,willitr01,0.0,2016-05-01,2016
QDH,willitr01,5.0,2016-05-18,2016
QDH,fulmeca01,5.0,2016-06-17,2016
QDH,rodrica02,7.0,2016-07-15,2016
QDH,walstbl01,5.0,2016-07-21,2016
QDH,fulmeca01,5.0,2016-07-23,2016
QDH,webblo01,6.0,2017-05-12,2017
QDH,burneco01,5.0,2017-06-29,2017
QDH,walstbl01,5.0,2017-07-19,2017
QDH,fulmeca01,0.0,2018-03-29,2018
QDH,ramirer02,5.0,2018-06-02,2018
QDH,livelbe01,6.0,2018-06-16,2018
QDH,livelbe01,6.0,2018-07-04,2018
QDH,ramirer02,5.0,2018-07-26,2018
QDH,erlinro01,0.0,2019-04-01,2019
QDH,conlead01,0.0,2019-06-01,2019
QDH,jeffrje01,6.0,2019-06-25,2019
QDH,jeffrje01,5.0,2019-06-30,2019
QDH,jeffrje01,0.0,2021-04-01,2021
QDH,vargace01,6.0,2021-04-23,2021
QDH,lambeji01,6.0,2021-05-01,2021
QDH,alvarjo02,5.0,2021-05-08,2021
QDH,gracema02,22.0,2022-05-14,2022
QDH,selbyco01,5.0,2022-05-17,2022
QDH,selbyco01,5.0,2022-06-03,2022
QDH,feltnry01,5.0,2022-07-13,2022
QDH,alvarjo02,18.0,2022-07-21,2022
QDH,selbyco01,6.0,2023-04-09,2023
QDH,smeltde01,5.0,2023-05-08,2023
QDH,nicasju01,6.0,2023-05-15,2023
QDH,,0.0,2023-06-07,2023
QDH,,11.0,2023-06-18,2023
QDH,lowderh01,11.0,2023-06-24,2023
QDH,feltnry01,5.0,2023-07-02,2023
QDH,smeltde01,7.0,2023-07-16,2023
QDH,smeltde01,7.0,2023-07-28,2023
QPO,cravyty01,5.0,2016-04-17,2016
QPO,nealza01,5.0,2016-04-20,2016
QPO,nealza01,5.0,2016-05-06,2016
QPO,felizmi01,6.0,2016-05-18,2016
QPO,garzaju01,0.0,2017-04-05,2017
QPO,cravyty01,0.0,2017-04-06,2017
QPO,cravyty01,7.0,2017-04-23,2017
QPO,garzaju01,6.0,2017-07-07,2017
QPO,cravyty01,7.0,2018-05-07,2018
QPO,ucetaed01,5.0,2018-05-10,2018
QPO,strasst01,6.0,2018-07-26,2018
QPO,cravyty01,6.0,2019-05-28,2019
QPO,lestejo01,6.0,2019-06-01,2019
QPO,cravyty01,5.0,2019-07-01,2019
QPO,honeybr01,6.0,2019-07-05,2019
QPO,dunnju01,0.0,2021-04-01,2021
QPO,millebo06,10.0,2021-04-20,2021
QPO,anderco01,6.0,2021-05-07,2021
QPO,anderco01,5.0,2021-05-28,2021
QPO,fittsri01,13.0,2021-06-04,2021
QPO,anderco01,6.0,2022-04-16,2022
QPO,scholje01,6.0,2022-04-23,2022
QPO,rodrije01,0.0,2022-04-26,2022
QPO,hernafe02,6.0,2022-05-20,2022
QPO,,0.0,2022-06-03,2022
QPO,chiriyo01,4.0,2022-06-15,2022
QPO,rodrije01,5.0,2022-07-26,2022
QPO,livelbe01,6.0,2023-04-14,2023
QPO,swarmma01,0.0,2023-04-23,2023
QPO,millebo06,5.0,2023-04-27,2023
QPO,millebo06,5.0,2023-06-28,2023
QPO,kendrky01,5.0,2023-07-05,2023
QPO,farmebu01,59.0,2023-07-23,2023
RAV,imanash01,5.0,2016-05-08,2016
RAV,overtco01,5.0,2016-05-14,2016
RAV,skogler01,5.0,2016-05-29,2016
RAV,brighje01,5.0,2016-06-13,2016
RAV,kerrra01,7.0,2016-06-24,2016
RAV,overtco01,0.0,2017-04-05,2017
RAV,kerrra01,6.0,2017-05-01,2017
RAV,richacl01,7.0,2017-05-24,2017
RAV,brighje01,5.0,2017-06-01,2017
RAV,imanash01,0.0,2017-06-05,2017
RAV,hendrli01,5.0,2017-07-08,2017
RAV,richacl01,11.0,2017-07-16,2017
RAV,vinceni01,7.0,2018-06-26,2018
RAV,schulja02,5.0,2018-07-05,2018
RAV,imanash01,5.0,2018-07-13,2018
RAV,rodrich01,6.0,2018-07-26,2018
RAV,schulja02,6.0,2019-05-06,2019
RAV,widenta01,6.0,2019-05-10,2019
RAV,brighje01,6.0,2019-05-24,2019
RAV,bolanro01,6.0,2019-06-01,2019
RAV,kerrra01,5.0,2019-07-23,2019
RAV,kerrra01,5.0,2019-07-28,2019
RAV,jeffeda01,5.0,2021-04-08,2021
RAV,jeffeda01,6.0,2021-04-26,2021
RAV,curryxz01,6.0,2021-05-14,2021
RAV,conlead01,7.0,2021-05-22,2021
RAV,stanery01,6.0,2021-07-03,2021
RAV,curryxz01,6.0,2021-07-08,2021
RAV,vinceni01,6.0,2021-07-10,2021
RAV,bolanro01,6.0,2022-05-15,2022
RAV,vinceni01,6.0,2022-05-16,2022
RAV,jeffeda01,5.0,2022-05-29,2022
RAV,stanery01,5.0,2022-06-05,2022
RAV,curryxz01,6.0,2022-06-08,2022
RAV,curryxz01,5.0,2022-06-19,2022
RAV,munozro01,8.0,2022-07-25,2022
RAV,vinceni01,5.0,2023-06-06,2023
RAV,rodrich01,5.0,2023-06-28,2023
RAV,scottch01,6.0,2023-07-03,2023
RAV,vinceni01,9.0,2023-07-15,2023
RAV,coveydy01,11.0,2023-07-19,2023
RAV,vinceni01,5.0,2023-07-26,2023
RKN,norrida01,6.0,2016-04-16,2016
RKN,wrighda04,7.0,2016-04-20,2016
RKN,rodrich01,0.0,2016-04-24,2016
RKN,baezmi01,5.0,2016-04-26,2016
RKN,rouppla01,0.0,2016-05-08,2016
RKN,rodrich01,5.0,2016-05-22,2016
RKN,wrighda04,5.0,2016-06-03,2016
RKN,sadleca02,0.0,2016-06-06,2016
RKN,rodrich01,5.0,2016-06-07,2016
RKN,rodrich01,5.0,2016-07-04,2016
RKN,norrida01,0.0,2017-04-03,2017
RKN,rouppla01,6.0,2017-05-03,2017
RKN,sadleca02,5.0,2017-06-16,2017
RKN,sadleca02,6.0,2017-06-27,2017
RKN,sadleca02,5.0,2018-04-16,2018
RKN,duplajo01,6.0,2018-05-05,2018
RKN,sadleca02,6.0,2018-05-08,2018
RKN,montera01,0.0,2018-07-04,2018
RKN,duplajo01,11.0,2018-07-22,2018
RKN,bolsimi01,7.0,2019-04-05,2019
RKN,montera01,5.0,2019-04-11,2019
RKN,sandlni01,0.0,2019-06-17,2019
RKN,francjp01,21.0,2019-06-22,2019
RKN,bolsimi01,0.0,2021-04-02,2021
RKN,alexasc02,6.0,2021-05-18,2021
RKN,alexasc02,5.0,2021-05-23,2021
RKN,bolsimi01,6.0,2021-06-05,2021
RKN,corbipa01,6.0,2021-06-06,2021
RKN,fulmemi01,7.0,2021-06-22,2021
RKN,germado01,0.0,2022-04-12,2022
RKN,mazurad01,6.0,2022-04-19,2022
RKN,fulmemi01,6.0,2022-04-22,2022
RKN,corbipa01,5.0,2022-05-22,2022
RKN,fulmemi01,5.0,2022-06-29,2022
RKN,buehlwa01,5.0,2023-04-04,2023
RKN,duplajo01,6.0,2023-04-08,2023
RKN,,0.0,2023-04-29,2023
RKN,corbipa01,5.0,2023-05-30,2023
RKN,corbipa01,7.0,2023-06-06,2023
RKN,buehlwa01,7.0,2023-07-14,2023
RKN,ceccosl01,10.0,2023-07-18,2023
RLJ,willibr02,5.0,2016-05-01,2016
RLJ,schrejo01,5.0,2016-05-22,2016
RLJ,oviedlu01,6.0,2016-05-27,2016
RLJ,garrebr01,5.0,2016-06-20,2016
RLJ,schrejo01,5.0,2016-06-28,2016
RLJ,willibr02,5.0,2016-07-28,2016
RLJ,adamsch01,7.0,2017-04-30,2017
RLJ,millesh01,0.0,2017-06-25,2017
RLJ,grayjo02,5.0,2017-07-06,2017
RLJ,honeybr01,5.0,2017-07-19,2017
RLJ,schrejo01,5.0,2017-07-28,2017
RLJ,,0.0,2018-04-02,2018
RLJ,adamsch01,6.0,2018-04-25,2018
RLJ,grayjo02,5.0,2018-04-26,2018
RLJ,schrejo01,6.0,2018-06-21,2018
RLJ,,87.0,2018-06-28,2018
RLJ,adamsch01,6.0,2018-06-29,2018
RLJ,grayjo02,5.0,2019-05-24,2019
RLJ,willibr02,3.0,2019-05-28,2019
RLJ,grayjo02,6.0,2019-06-21,2019
RLJ,duffyda01,5.0,2021-04-15,2021
RLJ,adamsch01,6.0,2021-05-01,2021
RLJ,feldmsc01,6.0,2021-06-24,2021
RLJ,feldmsc01,7.0,2021-07-11,2021
RLJ,boshebu01,0.0,2022-04-08,2022
RLJ,feldmsc01,6.0,2022-04-15,2022
RLJ,smithaj01,6.0,2022-06-17,2022
RLJ,grayjo02,7.0,2023-05-20,2023
RLJ,ceasedy01,55.0,2023-06-03,2023
RLJ,,0.0,2023-07-25,2023
SAJ,gsellro01,7.0,2016-06-25,2016
SAJ,cuevawi01,5.0,2016-07-03,2016
SAJ,aquinja01,74.0,2016-07-07,2016
SAJ,kowarja01,10.0,2016-07-19,2016
SAJ,gsellro01,4.0,2016-07-27,2016
SAJ,kowarja01,6.0,2017-04-14,2017
SAJ,brubajt01,5.0,2017-05-06,2017
SAJ,cuevawi01,0.0,2017-06-05,2017
SAJ,lodolni01,6.0,2017-06-20,2017
SAJ,brubajt01,5.0,2017-07-05,2017
SAJ,carraca01,5.0,2017-07-22,2017
SAJ,kowarja01,0.0,2018-03-30,2018
SAJ,brubajt01,0.0,2018-03-31,2018
SAJ,richaly01,0.0,2018-04-02,2018
SAJ,richaly01,6.0,2018-06-07,2018
SAJ,sotogr01,0.0,2018-06-26,2018
SAJ,delacjo01,6.0,2018-07-06,2018
SAJ,delacjo01,5.0,2018-07-11,2018
SAJ,,0.0,2018-07-23,2018
SAJ,sotogr01,11.0,2018-07-24,2018
SAJ,,0.0,2018-07-28,2018
SAJ,oviedjo01,6.0,2019-04-09,2019
SAJ,cabrege01,0.0,2019-04-13,2019
SAJ,carraca01,5.0,2019-05-11,2019
SAJ,kowarja01,5.0,2019-05-27,2019
SAJ,jayemy01,7.0,2019-06-05,2019
SAJ,kiliaca01,6.0,2019-06-15,2019
SAJ,kowarja01,5.0,2019-06-19,2019
SAJ,kowarja01,5.0,2019-06-24,2019
SAJ,jayemy01,6.0,2019-07-02,2019
SAJ,carraca01,15.0,2019-07-14,2019
SAJ,zeuchtj01,7.0,2021-04-17,2021
SAJ,mazurad01,5.0,2021-05-05,2021
SAJ,swarmma01,11.0,2021-05-30,2021
SAJ,tropeni01,6.0,2021-06-10,2021
SAJ,tropeni01,5.0,2021-06-20,2021
SAJ,tropeni01,6.0,2021-07-07,2021
SAJ,bolsimi01,0.0,2022-04-12,2022
SAJ,tropeni01,6.0,2022-04-16,2022
SAJ,danaca01,6.0,2022-05-27,2022
SAJ,bolsimi01,6.0,2022-05-28,2022
SAJ,leonedo01,6.0,2022-05-29,2022
SAJ,leonedo01,5.0,2022-06-15,2022
SAJ,swarmma01,5.0,2022-06-17,2022
SAJ,leonedo01,6.0,2022-06-26,2022
SAJ,bolsimi01,5.0,2022-06-30,2022
SAJ,,0.0,2022-07-10,2022
SAJ,,6.0,2022-07-16,2022
SAJ,leonedo01,0.0,2023-04-03,2023
SAJ,bolsimi01,0.0,2023-04-04,2023
SAJ,jeffrje01,5.0,2023-04-18,2023
SAJ,danaca01,6.0,2023-04-28,2023
SAJ,leonedo01,5.0,2023-05-06,2023
SAJ,dunnju01,5.0,2023-07-02,2023
STC,bernabr01,0.0,2016-04-04,2016
STC,morgaad01,57.0,2016-06-18,2016
STC,rodrich01,6.0,2017-04-20,2017
STC,,0.0,2017-05-04,2017
STC,dunnju01,5.0,2017-05-31,2017
STC,ynoahu01,6.0,2017-06-08,2017
STC,rodrich01,5.0,2017-06-12,2017
STC,antonte01,5.0,2017-06-14,2017
STC,bautige01,5.0,2017-07-04,2017
STC,antonte01,5.0,2017-07-06,2017
STC,bernabr01,8.0,2018-04-21,2018
STC,bernabr01,7.0,2018-05-10,2018
STC,dunnju01,7.0,2018-06-09,2018
STC,haleda02,10.0,2018-07-24,2018
STC,diazmi02,5.0,2019-04-02,2019
STC,verrelo01,6.0,2019-05-24,2019
STC,antonte01,5.0,2019-05-28,2019
STC,kerkeor01,5.0,2019-06-07,2019
STC,johnsse01,6.0,2019-06-12,2019
STC,antonte01,5.0,2019-06-20,2019
STC,martida03,6.0,2019-06-25,2019
STC,verrelo01,0.0,2019-07-03,2019
STC,,4.0,2019-07-17,2019
STC,johnsse01,47.0,2019-07-29,2019
STC,hernada02,5.0,2021-04-15,2021
STC,,5.0,2021-04-18,2021
STC,,7.0,2021-04-25,2021
STC,crawfku01,6.0,2021-05-09,2021
STC,hernada02,7.0,2021-06-08,2021
STC,wantzan01,6.0,2021-06-12,2021
STC,menezco01,5.0,2021-06-23,2021
STC,menezco01,6.0,2021-07-10,2021
STC,kennebr02,0.0,2022-04-12,2022
STC,pomerdr01,6.0,2022-04-16,2022
STC,hernada02,6.0,2022-04-17,2022
STC,kennebr02,5.0,2022-05-22,2022
STC,hernada02,5.0,2022-05-24,2022
STC,moyaga01,6.0,2022-06-07,2022
STC,crawfku01,6.0,2022-06-23,2022
STC,rucindr01,5.0,2023-04-15,2023
STC,crawfku01,6.0,2023-05-16,2023
STC,rucindr01,0.0,2023-07-04,2023
STC,moyaga01,10.0,2023-07-16,2023
STC,pomerdr01,6.0,2023-07-29,2023
UPV,leakemi01,6.0,2016-04-22,2016
UPV,boshebu01,5.0,2016-06-03,2016
UPV,dicker.01,5.0,2016-07-10,2016
UPV,maldoan01,6.0,2016-07-31,2016
UPV,leakemi01,6.0,2017-05-27,2017
UPV,ryanri01,6.0,2017-05-30,2017
UPV,dicker.01,6.0,2017-07-09,2017
UPV,leakemi01,12.0,2017-07-16,2017
UPV,ryanri01,5.0,2018-05-30,2018
UPV,ryanri01,5.0,2018-07-01,2018
UPV,nicolju01,7.0,2018-07-20,2018
UPV,nicolju01,6.0,2019-04-07,2019
UPV,sadleca02,6.0,2019-04-16,2019
UPV,cuevawi01,5.0,2019-04-22,2019
UPV,,2.0,2019-05-27,2019
UPV,nicolju01,6.0,2019-07-18,2019
UPV,arihako01,0.0,2021-04-05,2021
UPV,rutleja01,0.0,2021-04-07,2021
UPV,rutleja01,5.0,2021-06-05,2021
UPV,phillty01,6.0,2021-06-09,2021
UPV,rutleja01,7.0,2021-06-12,2021
UPV,tarplst01,7.0,2021-06-17,2021
UPV,loaisjo01,6.0,2022-04-29,2022
UPV,phillty01,6.0,2022-04-30,2022
UPV,loaisjo01,5.0,2022-05-09,2022
UPV,ryanri01,6.0,2022-06-04,2022
UPV,loaisjo01,6.0,2022-07-02,2022
UPV,medinad01,6.0,2023-04-19,2023
UPV,medinad01,5.0,2023-04-24,2023
UPV,,0.0,2023-05-26,2023
UPV,rodrije01,5.0,2023-07-19,2023
VJV,davisno01,0.0,2016-04-11,2016
VJV,davisno01,5.0,2016-04-22,2016
VJV,clemepa02,0.0,2016-05-28,2016
VJV,,0.0,2016-06-18,2016
VJV,davisau01,5.0,2016-06-26,2016
VJV,davisno01,36.0,2016-07-04,2016
VJV,liberma01,7.0,2016-07-05,2016
VJV,davisau01,5.0,2016-07-25,2016
VJV,hestoch01,5.0,2017-05-16,2017
VJV,oviedjo01,0.0,2017-05-23,2017
VJV,ramirne01,6.0,2017-06-10,2017
VJV,godleza01,7.0,2017-07-25,2017
VJV,,0.0,2018-04-06,2018
VJV,suarejo01,6.0,2018-05-31,2018
VJV,gilbelo01,6.0,2019-04-05,2019
VJV,hernajo02,14.0,2019-04-26,2019
VJV,ramirer02,6.0,2019-05-27,2019
VJV,musgrjo01,6.0,2019-06-03,2019
VJV,marveja01,14.0,2019-06-22,2019
VJV,,0.0,2019-07-05,2019
VJV,verlaju01,51.0,2019-07-13,2019
VJV,suarejo01,10.0,2019-07-16,2019
VJV,szaputh01,6.0,2019-07-31,2019
VJV,morgael01,16.0,2021-04-20,2021
VJV,kendrky01,6.0,2021-04-28,2021
VJV,kendrky01,6.0,2021-05-04,2021
VJV,antonte01,0.0,2021-05-08,2021
VJV,morgael01,7.0,2021-06-04,2021
VJV,morgael01,13.0,2021-07-19,2021
VJV,swanser01,6.0,2021-07-30,2021
VJV,,0.0,2022-04-12,2022
VJV,,7.0,2022-04-19,2022
VJV,ashcrgr01,6.0,2022-05-10,2022
VJV,swanser01,7.0,2022-05-22,2022
VJV,ashcrgr01,6.0,2023-05-19,2023
VJV,swanser01,0.0,2023-05-20,2023
VJV,ashcrgr01,6.0,2023-07-08,2023
VQC,pallaan01,5.0,2016-04-20,2016
VQC,lodolni01,5.0,2016-04-24,2016
VQC,lodolni01,6.0,2016-04-30,2016
VQC,pallaan01,5.0,2016-05-30,2016
VQC,lodolni01,8.0,2016-06-11,2016
VQC,rutleja01,6.0,2016-06-14,2016
VQC,pallaan01,5.0,2016-06-20,2016
VQC,rutleja01,5.0,2016-06-29,2016
VQC,colege01,6.0,2017-04-30,2017
VQC,phillty01,5.0,2017-05-27,2017
VQC,rodried05,6.0,2017-06-04,2017
VQC,rutleja01,0.0,2018-04-02,2018
VQC,rutleja01,5.0,2018-04-19,2018
VQC,rutleja01,6.0,2018-05-11,2018
VQC,hoeinbr01,5.0,2018-05-30,2018
VQC,rutleja01,6.0,2018-06-25,2018
VQC,knackla01,5.0,2018-07-13,2018
VQC,hoeinbr01,5.0,2019-04-27,2019
VQC,middlke01,5.0,2019-05-31,2019
VQC,woodtr01,6.0,2019-06-08,2019
VQC,asheral01,6.0,2019-06-18,2019
VQC,rodried05,34.0,2019-06-19,2019
VQC,hoeinbr01,5.0,2019-07-25,2019
VQC,ramirer02,0.0,2021-04-06,2021
VQC,mcclare01,7.0,2021-04-23,2021
VQC,ramirer02,7.0,2021-05-01,2021
VQC,thompja03,0.0,2021-05-30,2021
VQC,colege01,6.0,2021-06-18,2021
VQC,parkebl01,6.0,2021-06-28,2021
VQC,colege01,6.0,2021-06-30,2021
VQC,thompja03,6.0,2021-07-05,2021
VQC,gonsoto01,6.0,2022-04-16,2022
VQC,johnser04,5.0,2022-04-17,2022
VQC,mcclare01,5.0,2022-04-24,2022
VQC,mcclare01,6.0,2022-05-23,2022
VQC,asheral01,7.0,2022-07-06,2022
VQC,mcclare01,5.0,2022-07-13,2022
VQC,sparkgl01,6.0,2023-05-28,2023
VQC,sparkgl01,6.0,2023-06-03,2023
VQC,willitr01,7.0,2023-06-16,2023
VQC,willitr01,5.0,2023-06-21,2023
VQC,feierry01,0.0,2023-07-17,2023
XFB,iveyty01,5.0,2016-04-17,2016
XFB,feddeer01,6.0,2016-05-07,2016
XFB,arrigsp01,5.0,2016-06-29,2016
XFB,arrigsp01,5.0,2016-07-04,2016
XFB,feddeer01,5.0,2017-04-12,2017
XFB,mazurad01,5.0,2017-05-14,2017
XFB,montafr02,6.0,2017-05-21,2017
XFB,montafr02,5.0,2017-05-31,2017
XFB,mazurad01,7.0,2017-06-18,2017
XFB,wrighda04,6.0,2017-07-14,2017
XFB,,0.0,2018-05-04,2018
XFB,kenneia01,6.0,2018-05-22,2018
XFB,rodriya01,5.0,2018-06-23,2018
XFB,montafr02,5.0,2018-07-26,2018
XFB,bendean01,0.0,2019-03-31,2019
XFB,mazurad01,5.0,2019-04-03,2019
XFB,robleha01,6.0,2019-04-19,2019
XFB,walkery01,5.0,2019-06-05,2019
XFB,mazurad01,5.0,2019-06-30,2019
XFB,mazurad01,6.0,2019-07-06,2019
XFB,mazurad01,6.0,2019-07-12,2019
XFB,rodriya01,5.0,2019-07-31,2019
XFB,robleha01,6.0,2021-05-08,2021
XFB,lambjo02,0.0,2021-05-12,2021
XFB,kellyme01,5.0,2021-05-14,2021
XFB,davisro03,0.0,2021-05-15,2021
XFB,lambjo02,5.0,2021-06-09,2021
XFB,robleha01,6.0,2021-07-24,2021
XFB,wilkad01,7.0,2021-07-30,2021
XFB,nealza01,0.0,2022-04-19,2022
XFB,sampsad01,0.0,2022-04-23,2022
XFB,wilkad01,5.0,2022-04-27,2022
XFB,robleha01,5.0,2022-04-30,2022
XFB,robleha01,6.0,2022-05-06,2022
XFB,kerrra01,5.0,2022-06-25,2022
XFB,effrosc01,5.0,2022-07-07,2022
XFB,wilkad01,5.0,2023-06-04,2023
XFB,robleha01,7.0,2023-06-09,2023
XFB,matthze01,5.0,2023-06-15,2023
XFB,robleha01,5.0,2023-06-24,2023
XFB,matthze01,5.0,2023-07-19,2023
XFB,robleha01,31.0,2023-07-25,2023
YHA,honeybr01,6.0,2016-06-14,2016
YHA,kiliaca01,5.0,2017-04-20,2017
YHA,clemepa02,5.0,2017-04-22,2017
YHA,schulja02,5.0,2017-04-24,2017
YHA,ramirer02,6.0,2017-05-02,2017
YHA,schulja02,0.0,2017-05-17,2017
YHA,schulja02,6.0,2017-06-03,2017
YHA,kiliaca01,6.0,2017-06-25,2017
YHA,schulja02,7.0,2017-07-15,2017
YHA,,0.0,2017-07-25,2017
YHA,diazda01,0.0,2018-03-30,2018
YHA,kiliaca01,6.0,2018-05-08,2018
YHA,kiliaca01,5.0,2018-05-30,2018
YHA,plesaza01,8.0,2018-07-22,2018
YHA,burrobe01,10.0,2018-07-22,2018
YHA,stanery01,6.0,2019-05-03,2019
YHA,eflinza01,6.0,2019-05-20,2019
YHA,stanery01,6.0,2019-05-28,2019
YHA,greinza01,9.0,2019-06-16,2019
YHA,chatwty01,0.0,2019-06-18,2019
YHA,chatwty01,15.0,2019-07-16,2019
YHA,hellije01,13.0,2019-07-27,2019
YHA,campbpa02,5.0,2021-05-05,2021
YHA,campbpa02,7.0,2021-05-12,2021
YHA,eflinza01,6.0,2021-05-21,2021
YHA,waldike01,6.0,2021-05-24,2021
YHA,eflinza01,5.0,2021-05-26,2021
YHA,hoeinbr01,5.0,2021-06-17,2021
YHA,hoeinbr01,6.0,2022-05-21,2022
YHA,lucchjo01,6.0,2022-06-04,2022
YHA,lucchjo01,7.0,2022-06-11,2022
YHA,lucchjo01,7.0,2022-06-24,2022
YHA,waldike01,6.0,2023-05-01,2023
YHA,smithaj01,5.0,2023-06-07,2023
YHA,waldike01,6.0,2023-06-11,2023
YHA,freelky01,5.0,2023-06-25,2023
YHA,waldike01,6.0,2023-06-28,2023
YHA,hoeinbr01,5.0,2023-07-23,2023
ZQF,leonedo01,5.0,2016-05-02,2016
ZQF,hernaca04,6.0,2016-05-31,2016
ZQF,leonedo01,5.0,2017-07-01,2017
ZQF,feyerjo01,6.0,2017-07-29,2017
ZQF,rucindr01,6.0,2018-04-11,2018
ZQF,howarsa01,6.0,2018-05-28,2018
ZQF,rucindr01,6.0,2018-06-21,2018
ZQF,,0.0,2018-06-30,2018
ZQF,howarsa01,5.0,2018-07-11,2018
ZQF,howarsa01,6.0,2018-07-27,2018
ZQF,leonedo01,5.0,2019-04-02,2019
ZQF,rucindr01,0.0,2019-04-03,2019
ZQF,maldoan01,5.0,2019-07-26,2019
ZQF,leonedo01,6.0,2019-07-31,2019
ZQF,castehu01,6.0,2021-04-27,2021
ZQF,castehu01,6.0,2021-05-03,2021
ZQF,,0.0,2021-07-03,2021
ZQF,sadzeco01,5.0,2021-07-05,2021
ZQF,antonte01,5.0,2022-05-30,2022
ZQF,walstbl01,0.0,2022-06-15,2022
ZQF,antonte01,5.0,2022-06-29,2022
ZQF,raganco01,6.0,2023-04-22,2023
ZQF,sadzeco01,0.0,2023-04-23,2023
ZQF,boydma01,5.0,2023-05-14,2023
ZQF,castehu01,5.0,2023-06-28,2023
ZQF,sadzeco01,5.0,2023-07-23,2023
