id,voting
0,0.746
1,0.511
2,0.456
3,0.585
4,0.275
5,0.563
6,0.804
7,0.43
8,0.528
9,0.713
10,0.67
11,0.531
12,0.586
13,0.825
14,0.573
15,0.512
16,0.679
17,0.574
18,0.62
19,0.443
20,0.921
21,0.572
22,0.778
23,0.659
24,0.603
25,0.686
26,0.637
27,0.713
28,0.437
29,0.822
30,0.672
31,0.714
32,0.443
33,0.681
34,0.771
35,0.627
36,0.674
37,0.838
38,0.649
39,0.56
40,0.612
41,0.777
42,0.407
43,0.586
44,0.803
45,0.192
46,0.566
47,0.843
48,0.741
49,0.619
50,0.726
51,0.682
52,0.36
53,0.553
54,0.44
55,0.68
56,0.628
57,0.554
58,0.646
59,0.506
60,0.275
61,0.818
62,0.539
63,0.576
64,0.451
65,0.695
66,0.501
67,0.651
68,0.713
69,0.646
70,0.654
71,0.851
72,0.736
73,0.586
74,0.431
75,0.678
76,0.878
77,0.756
78,0.358
79,0.598
80,0.35
81,0.544
82,0.624
83,0.48
84,0.572
85,0.507
86,0.793
87,0.592
88,0.62
89,0.285
90,0.555
91,0.587
92,0.858
93,0.59
94,0.532
95,0.426
96,0.472
97,0.772
98,0.751
99,0.818
100,0.615
101,0.801
102,0.597
103,0.596
104,0.682
105,0.651
106,0.776
107,0.61
108,0.31
109,0.551
110,0.493
111,0.709
112,0.85
113,0.345
114,0.399
115,0.374
116,0.616
117,0.657
118,0.58
119,0.667
120,0.56
121,0.578
122,0.791
123,0.257
124,0.902
125,0.721
126,0.483
127,0.637
128,0.703
129,0.591
130,0.366
131,0.639
132,0.712
133,0.52
134,0.465
135,0.294
136,0.471
137,0.654
138,0.729
139,0.476
140,0.534
141,0.799
142,0.526
143,0.805
144,0.45
145,0.682
146,0.742
147,0.504
148,0.583
149,0.367
150,0.748
151,0.489
152,0.881
153,0.453
154,0.367
155,0.713
156,0.511
157,0.502
158,0.535
159,0.552
160,0.79
161,0.696
162,0.301
163,0.748
164,0.609
165,0.595
166,0.778
167,0.478
168,0.672
169,0.616
170,0.704
171,0.87
172,0.844
173,0.484
174,0.369
175,0.681
176,0.688
177,0.435
178,0.817
179,0.669
180,0.672
181,0.639
182,0.719
183,0.663
184,0.886
185,0.233
186,0.393
187,0.87
188,0.73
189,0.562
190,0.264
191,0.567
192,0.644
193,0.748
194,0.623
195,0.403
196,0.624
197,0.877
198,0.282
199,0.4
200,0.528
201,0.825
202,0.611
203,0.741
204,0.642
205,0.789
206,0.286
207,0.813
208,0.781
209,0.462
210,0.469
211,0.607
212,0.554
213,0.654
214,0.451
215,0.575
216,0.793
217,0.74
218,0.276
219,0.708
220,0.748
221,0.619
222,0.36
223,0.66
224,0.198
225,0.559
226,0.416
227,0.704
228,0.674
229,0.615
230,0.759
231,0.598
232,0.455
233,0.898
234,0.701
235,0.7
236,0.555
237,0.63
238,0.173
239,0.743
240,0.861
241,0.494
242,0.533
243,0.788
244,0.346
245,0.739
246,0.707
247,0.582
248,0.428
249,0.392
250,0.64
251,0.283
252,0.643
253,0.405
254,0.581
255,0.5
256,0.704
257,0.45
258,0.9
259,0.427
260,0.532
261,0.426
262,0.7
263,0.41
264,0.416
265,0.591
266,0.729
267,0.585
268,0.737
269,0.672
270,0.69
271,0.575
272,0.836
273,0.431
274,0.916
275,0.625
276,0.563
277,0.783
278,0.271
279,0.652
280,0.412
281,0.907
282,0.527
283,0.562
284,0.67
285,0.457
286,0.343
287,0.752
288,0.749
289,0.522
290,0.824
291,0.88
292,0.376
293,0.527
294,0.674
295,0.393
296,0.477
297,0.684
298,0.602
299,0.775
300,0.649
301,0.915
302,0.712
303,0.563
304,0.604
305,0.802
306,0.663
307,0.587
308,0.67
309,0.411
310,0.469
311,0.423
312,0.219
313,0.73
314,0.555
315,0.746
316,0.619
317,0.52
318,0.726
319,0.792
320,0.73
321,0.405
322,0.727
323,0.446
324,0.445
325,0.88
326,0.555
327,0.728
328,0.552
329,0.815
330,0.532
331,0.538
332,0.821
333,0.571
334,0.673
335,0.766
336,0.5
337,0.728
338,0.411
339,0.746
340,0.744
341,0.681
342,0.499
343,0.627
344,0.381
345,0.661
346,0.827
347,0.707
348,0.774
349,0.517
350,0.452
351,0.277
352,0.666
353,0.594
354,0.669
355,0.514
356,0.416
357,0.531
358,0.878
359,0.712
360,0.746
361,0.398
362,0.482
363,0.698
364,0.734
365,0.7
366,0.499
367,0.478
368,0.569
369,0.801
370,0.539
371,0.711
372,0.6
373,0.364
374,0.438
375,0.633
376,0.575
377,0.536
378,0.737
379,0.572
380,0.337
381,0.617
382,0.554
383,0.848
384,0.509
385,0.598
386,0.45
387,0.765
388,0.656
389,0.642
390,0.62
391,0.724
392,0.823
393,0.552
394,0.507
395,0.695
396,0.86
397,0.477
398,0.329
399,0.759
400,0.467
401,0.716
402,0.345
403,0.503
404,0.558
405,0.72
406,0.339
407,0.442
408,0.57
409,0.595
410,0.865
411,0.45
412,0.882
413,0.315
414,0.695
415,0.313
416,0.539
417,0.731
418,0.463
419,0.463
420,0.812
421,0.67
422,0.845
423,0.551
424,0.495
425,0.691
426,0.718
427,0.607
428,0.85
429,0.322
430,0.535
431,0.603
432,0.378
433,0.731
434,0.457
435,0.364
436,0.725
437,0.705
438,0.848
439,0.447
440,0.259
441,0.44
442,0.345
443,0.427
444,0.358
445,0.701
446,0.768
447,0.579
448,0.798
449,0.678
450,0.869
451,0.677
452,0.781
453,0.771
454,0.817
455,0.829
456,0.752
457,0.878
458,0.884
459,0.74
460,0.414
461,0.705
462,0.586
463,0.808
464,0.795
465,0.566
466,0.332
467,0.449
468,0.664
469,0.847
470,0.663
471,0.623
472,0.477
473,0.388
474,0.871
475,0.719
476,0.448
477,0.379
478,0.887
479,0.759
480,0.526
481,0.551
482,0.598
483,0.151
484,0.409
485,0.847
486,0.58
487,0.855
488,0.41
489,0.439
490,0.459
491,0.294
492,0.793
493,0.534
494,0.582
495,0.579
496,0.244
497,0.93
498,0.57
499,0.733
500,0.542
501,0.578
502,0.709
503,0.669
504,0.246
505,0.45
506,0.738
507,0.183
508,0.535
509,0.809
510,0.596
511,0.538
512,0.671
513,0.716
514,0.43
515,0.663
516,0.548
517,0.349
518,0.846
519,0.633
520,0.577
521,0.283
522,0.514
523,0.762
524,0.389
525,0.562
526,0.928
527,0.704
528,0.582
529,0.68
530,0.863
531,0.894
532,0.545
533,0.585
534,0.492
535,0.33
536,0.752
537,0.603
538,0.551
539,0.764
540,0.904
541,0.718
542,0.584
543,0.414
544,0.659
545,0.792
546,0.561
547,0.388
548,0.605
549,0.626
550,0.755
551,0.349
552,0.839
553,0.722
554,0.286
555,0.61
556,0.41
557,0.826
558,0.564
559,0.549
560,0.578
561,0.204
562,0.587
563,0.638
564,0.606
565,0.673
566,0.89
567,0.617
568,0.727
569,0.582
570,0.606
571,0.497
572,0.767
573,0.566
574,0.583
575,0.535
576,0.393
577,0.758
578,0.735
579,0.85
580,0.193
581,0.743
582,0.786
583,0.628
584,0.369
585,0.732
586,0.634
587,0.121
588,0.273
589,0.534
590,0.662
591,0.536
592,0.544
593,0.722
594,0.376
595,0.646
596,0.754
597,0.267
598,0.536
599,0.566
600,0.542
601,0.623
602,0.519
603,0.43
604,0.915
605,0.572
606,0.478
607,0.353
608,0.593
609,0.475
610,0.674
611,0.648
612,0.731
613,0.556
614,0.547
615,0.591
616,0.45
617,0.619
618,0.221
619,0.663
620,0.816
621,0.542
622,0.893
623,0.647
624,0.707
625,0.74
626,0.556
627,0.825
628,0.832
629,0.535
630,0.373
631,0.659
632,0.763
633,0.797
634,0.486
635,0.409
636,0.574
637,0.514
638,0.743
639,0.597
640,0.581
641,0.856
642,0.445
643,0.531
644,0.576
645,0.74
646,0.934
647,0.426
648,0.523
649,0.81
650,0.64
651,0.745
652,0.418
653,0.388
654,0.454
655,0.741
656,0.701
657,0.607
658,0.856
659,0.472
660,0.729
661,0.649
662,0.571
663,0.49
664,0.712
665,0.581
666,0.595
667,0.663
668,0.547
669,0.461
670,0.841
671,0.748
672,0.679
673,0.759
674,0.57
675,0.629
676,0.559
677,0.519
678,0.595
679,0.742
680,0.719
681,0.701
682,0.58
683,0.754
684,0.769
685,0.362
686,0.365
687,0.529
688,0.647
689,0.547
690,0.298
691,0.532
692,0.655
693,0.349
694,0.428
695,0.556
696,0.5
697,0.567
698,0.742
699,0.805
700,0.543
701,0.467
702,0.821
703,0.622
704,0.182
705,0.893
706,0.742
707,0.272
708,0.667
709,0.871
710,0.839
711,0.369
712,0.677
713,0.677
714,0.588
715,0.674
716,0.491
717,0.616
718,0.646
719,0.448
720,0.633
721,0.5
722,0.569
723,0.629
724,0.848
725,0.683
726,0.738
727,0.526
728,0.828
729,0.904
730,0.78
731,0.74
732,0.848
733,0.406
734,0.743
735,0.65
736,0.679
737,0.662
738,0.621
739,0.539
740,0.218
741,0.652
742,0.402
743,0.855
744,0.702
745,0.885
746,0.759
747,0.402
748,0.806
749,0.528
750,0.767
751,0.382
752,0.512
753,0.75
754,0.748
755,0.376
756,0.727
757,0.465
758,0.897
759,0.794
760,0.263
761,0.47
762,0.746
763,0.705
764,0.871
765,0.52
766,0.653
767,0.372
768,0.559
769,0.422
770,0.737
771,0.508
772,0.503
773,0.461
774,0.494
775,0.693
776,0.66
777,0.558
778,0.75
779,0.593
780,0.634
781,0.462
782,0.784
783,0.604
784,0.664
785,0.634
786,0.276
787,0.758
788,0.727
789,0.236
790,0.531
791,0.912
792,0.333
793,0.838
794,0.476
795,0.788
796,0.522
797,0.52
798,0.545
799,0.787
800,0.518
801,0.655
802,0.687
803,0.483
804,0.663
805,0.573
806,0.376
807,0.793
808,0.415
809,0.854
810,0.6
811,0.534
812,0.392
813,0.565
814,0.712
815,0.328
816,0.573
817,0.633
818,0.498
819,0.931
820,0.646
821,0.576
822,0.527
823,0.555
824,0.603
825,0.768
826,0.677
827,0.389
828,0.42
829,0.644
830,0.888
831,0.379
832,0.68
833,0.764
834,0.258
835,0.713
836,0.861
837,0.724
838,0.566
839,0.646
840,0.719
841,0.539
842,0.421
843,0.708
844,0.81
845,0.417
846,0.858
847,0.589
848,0.737
849,0.451
850,0.632
851,0.654
852,0.735
853,0.697
854,0.534
855,0.603
856,0.666
857,0.763
858,0.663
859,0.87
860,0.731
861,0.728
862,0.815
863,0.815
864,0.612
865,0.407
866,0.561
867,0.777
868,0.331
869,0.531
870,0.534
871,0.875
872,0.518
873,0.664
874,0.493
875,0.398
876,0.669
877,0.417
878,0.684
879,0.722
880,0.454
881,0.598
882,0.662
883,0.619
884,0.491
885,0.57
886,0.57
887,0.536
888,0.418
889,0.674
890,0.854
891,0.718
892,0.555
893,0.551
894,0.791
895,0.707
896,0.505
897,0.594
898,0.651
899,0.776
900,0.793
901,0.679
902,0.359
903,0.284
904,0.433
905,0.354
906,0.45
907,0.866
908,0.508
909,0.496
910,0.488
911,0.762
912,0.877
913,0.588
914,0.66
915,0.871
916,0.541
917,0.625
918,0.223
919,0.613
920,0.673
921,0.653
922,0.562
923,0.749
924,0.794
925,0.369
926,0.725
927,0.908
928,0.648
929,0.623
930,0.707
931,0.364
932,0.411
933,0.716
934,0.743
935,0.653
936,0.729
937,0.901
938,0.67
939,0.674
940,0.639
941,0.58
942,0.555
943,0.905
944,0.374
945,0.53
946,0.912
947,0.738
948,0.485
949,0.337
950,0.686
951,0.283
952,0.777
953,0.215
954,0.317
955,0.44
956,0.644
957,0.442
958,0.823
959,0.585
960,0.607
961,0.662
962,0.224
963,0.647
964,0.669
965,0.662
966,0.648
967,0.589
968,0.201
969,0.8
970,0.586
971,0.423
972,0.612
973,0.525
974,0.775
975,0.655
976,0.553
977,0.424
978,0.748
979,0.554
980,0.702
981,0.792
982,0.352
983,0.231
984,0.882
985,0.602
986,0.606
987,0.386
988,0.793
989,0.767
990,0.601
991,0.768
992,0.477
993,0.845
994,0.648
995,0.767
996,0.78
997,0.566
998,0.358
999,0.661
1000,0.662
1001,0.563
1002,0.569
1003,0.57
1004,0.326
1005,0.631
1006,0.526
1007,0.22
1008,0.647
1009,0.724
1010,0.589
1011,0.596
1012,0.812
1013,0.473
1014,0.882
1015,0.717
1016,0.454
1017,0.797
1018,0.483
1019,0.412
1020,0.294
1021,0.698
1022,0.666
1023,0.33
1024,0.712
1025,0.584
1026,0.499
1027,0.687
1028,0.419
1029,0.531
1030,0.438
1031,0.583
1032,0.546
1033,0.502
1034,0.352
1035,0.609
1036,0.18
1037,0.672
1038,0.773
1039,0.409
1040,0.318
1041,0.528
1042,0.641
1043,0.514
1044,0.638
1045,0.701
1046,0.842
1047,0.83
1048,0.426
1049,0.409
1050,0.46
1051,0.665
1052,0.899
1053,0.784
1054,0.364
1055,0.716
1056,0.646
1057,0.579
1058,0.57
1059,0.79
1060,0.778
1061,0.569
1062,0.571
1063,0.713
1064,0.727
1065,0.682
1066,0.423
1067,0.402
1068,0.556
1069,0.763
1070,0.59
1071,0.66
1072,0.8
1073,0.537
1074,0.83
1075,0.555
1076,0.398
1077,0.671
1078,0.613
1079,0.797
1080,0.777
1081,0.772
1082,0.385
1083,0.433
1084,0.646
1085,0.749
1086,0.588
1087,0.154
1088,0.905
1089,0.4
1090,0.548
1091,0.494
1092,0.383
1093,0.516
1094,0.55
1095,0.621
1096,0.745
1097,0.559
1098,0.653
1099,0.715
1100,0.68
1101,0.817
1102,0.33
1103,0.533
1104,0.672
1105,0.552
1106,0.379
1107,0.605
1108,0.629
1109,0.649
1110,0.516
1111,0.58
1112,0.669
1113,0.85
1114,0.449
1115,0.677
1116,0.308
1117,0.474
1118,0.672
1119,0.447
1120,0.773
1121,0.768
1122,0.419
1123,0.422
1124,0.64
1125,0.422
1126,0.793
1127,0.424
1128,0.66
1129,0.647
1130,0.763
1131,0.707
1132,0.644
1133,0.62
1134,0.889
1135,0.425
1136,0.558
1137,0.605
1138,0.845
1139,0.543
1140,0.588
1141,0.573
1142,0.455
1143,0.756
1144,0.598
1145,0.451
1146,0.882
1147,0.746
1148,0.594
1149,0.691
1150,0.49
1151,0.434
1152,0.411
1153,0.423
1154,0.742
1155,0.393
1156,0.739
1157,0.729
1158,0.505
1159,0.472
1160,0.484
1161,0.799
1162,0.611
1163,0.839
1164,0.566
1165,0.478
1166,0.694
1167,0.424
1168,0.785
1169,0.35
1170,0.836
1171,0.457
1172,0.156
1173,0.554
1174,0.415
1175,0.466
1176,0.726
1177,0.625
1178,0.36
1179,0.601
1180,0.701
1181,0.354
1182,0.663
1183,0.703
1184,0.832
1185,0.628
1186,0.398
1187,0.909
1188,0.434
1189,0.477
1190,0.462
1191,0.412
1192,0.613
1193,0.792
1194,0.408
1195,0.834
1196,0.461
1197,0.478
1198,0.813
1199,0.578
1200,0.881
1201,0.49
1202,0.751
1203,0.621
1204,0.63
1205,0.746
1206,0.315
1207,0.453
1208,0.708
1209,0.747
1210,0.849
1211,0.459
1212,0.818
1213,0.532
1214,0.581
1215,0.59
1216,0.593
1217,0.754
1218,0.306
1219,0.603
1220,0.656
1221,0.292
1222,0.716
1223,0.608
1224,0.418
1225,0.777
1226,0.605
1227,0.314
1228,0.575
1229,0.377
1230,0.542
1231,0.478
1232,0.737
1233,0.804
1234,0.493
1235,0.317
1236,0.737
1237,0.82
1238,0.575
1239,0.532
1240,0.203
1241,0.599
1242,0.416
1243,0.492
1244,0.218
1245,0.657
1246,0.641
1247,0.511
1248,0.727
1249,0.549
1250,0.459
1251,0.754
1252,0.509
1253,0.516
1254,0.76
1255,0.64
1256,0.388
1257,0.65
1258,0.741
1259,0.485
1260,0.579
1261,0.467
1262,0.823
1263,0.46
1264,0.583
1265,0.646
1266,0.656
1267,0.715
1268,0.451
1269,0.593
1270,0.712
1271,0.536
1272,0.489
1273,0.571
1274,0.755
1275,0.778
1276,0.798
1277,0.917
1278,0.623
1279,0.57
1280,0.467
1281,0.727
1282,0.658
1283,0.534
1284,0.454
1285,0.542
1286,0.853
1287,0.37
1288,0.798
1289,0.226
1290,0.586
1291,0.595
1292,0.691
1293,0.456
1294,0.575
1295,0.752
1296,0.877
1297,0.724
1298,0.773
1299,0.757
1300,0.458
1301,0.608
1302,0.858
1303,0.773
1304,0.664
1305,0.527
1306,0.767
1307,0.587
1308,0.872
1309,0.884
1310,0.505
1311,0.906
1312,0.728
1313,0.752
1314,0.722
1315,0.549
1316,0.832
1317,0.877
1318,0.445
1319,0.413
1320,0.472
1321,0.435
1322,0.836
1323,0.624
1324,0.871
1325,0.608
1326,0.8
1327,0.694
1328,0.696
1329,0.7
1330,0.602
1331,0.409
1332,0.744
1333,0.782
1334,0.488
1335,0.583
1336,0.667
1337,0.518
1338,0.579
1339,0.634
1340,0.599
1341,0.439
1342,0.679
1343,0.63
1344,0.581
1345,0.374
1346,0.619
1347,0.358
1348,0.598
1349,0.56
1350,0.812
1351,0.843
1352,0.517
1353,0.519
1354,0.591
1355,0.447
1356,0.436
1357,0.797
1358,0.547
1359,0.528
1360,0.473
1361,0.46
1362,0.723
1363,0.511
1364,0.76
1365,0.552
1366,0.674
1367,0.184
1368,0.62
1369,0.4
1370,0.553
1371,0.158
1372,0.755
1373,0.783
1374,0.692
1375,0.62
1376,0.343
1377,0.605
1378,0.548
1379,0.701
1380,0.173
1381,0.667
1382,0.28
1383,0.618
1384,0.524
1385,0.882
1386,0.446
1387,0.72
1388,0.346
1389,0.428
1390,0.582
1391,0.748
1392,0.684
1393,0.736
1394,0.518
1395,0.168
1396,0.44
1397,0.545
1398,0.591
1399,0.601
1400,0.777
1401,0.57
1402,0.88
1403,0.68
1404,0.336
1405,0.635
1406,0.719
1407,0.498
1408,0.493
1409,0.634
1410,0.695
1411,0.891
1412,0.689
1413,0.396
1414,0.456
1415,0.777
1416,0.617
1417,0.641
1418,0.749
1419,0.663
1420,0.589
1421,0.902
1422,0.497
1423,0.636
1424,0.691
1425,0.619
1426,0.538
1427,0.481
1428,0.896
1429,0.49
1430,0.717
1431,0.697
1432,0.478
1433,0.46
1434,0.748
1435,0.57
1436,0.661
1437,0.556
1438,0.655
1439,0.622
1440,0.826
1441,0.396
1442,0.219
1443,0.642
1444,0.748
1445,0.554
1446,0.591
1447,0.549
1448,0.398
1449,0.485
1450,0.825
1451,0.706
1452,0.605
1453,0.286
1454,0.386
1455,0.674
1456,0.873
1457,0.861
1458,0.279
1459,0.603
1460,0.736
1461,0.692
1462,0.706
1463,0.89
1464,0.516
1465,0.558
1466,0.615
1467,0.731
1468,0.526
1469,0.632
1470,0.488
1471,0.78
1472,0.557
1473,0.394
1474,0.657
1475,0.481
1476,0.805
1477,0.524
1478,0.556
1479,0.591
1480,0.758
1481,0.601
1482,0.486
1483,0.311
1484,0.524
1485,0.537
1486,0.376
1487,0.804
1488,0.601
1489,0.764
1490,0.455
1491,0.556
1492,0.684
1493,0.432
1494,0.649
1495,0.806
1496,0.511
1497,0.767
1498,0.739
1499,0.749
1500,0.624
1501,0.366
1502,0.507
1503,0.757
1504,0.619
1505,0.89
1506,0.738
1507,0.595
1508,0.593
1509,0.525
1510,0.524
1511,0.887
1512,0.763
1513,0.175
1514,0.56
1515,0.722
1516,0.29
1517,0.619
1518,0.737
1519,0.886
1520,0.681
1521,0.302
1522,0.849
1523,0.537
1524,0.232
1525,0.46
1526,0.736
1527,0.517
1528,0.656
1529,0.748
1530,0.418
1531,0.797
1532,0.693
1533,0.86
1534,0.37
1535,0.635
1536,0.557
1537,0.597
1538,0.506
1539,0.226
1540,0.502
1541,0.588
1542,0.793
1543,0.903
1544,0.359
1545,0.373
1546,0.664
1547,0.893
1548,0.703
1549,0.778
1550,0.753
1551,0.63
1552,0.567
1553,0.747
1554,0.469
1555,0.615
1556,0.739
1557,0.576
1558,0.753
1559,0.629
1560,0.383
1561,0.597
1562,0.686
1563,0.325
1564,0.618
1565,0.566
1566,0.585
1567,0.878
1568,0.674
1569,0.431
1570,0.572
1571,0.379
1572,0.795
1573,0.434
1574,0.809
1575,0.503
1576,0.847
1577,0.613
1578,0.516
1579,0.483
1580,0.353
1581,0.574
1582,0.606
1583,0.415
1584,0.66
1585,0.452
1586,0.826
1587,0.48
1588,0.603
1589,0.798
1590,0.56
1591,0.695
1592,0.668
1593,0.554
1594,0.522
1595,0.563
1596,0.901
1597,0.779
1598,0.712
1599,0.724
1600,0.85
1601,0.592
1602,0.501
1603,0.809
1604,0.798
1605,0.494
1606,0.741
1607,0.643
1608,0.493
1609,0.545
1610,0.76
1611,0.72
1612,0.609
1613,0.255
1614,0.603
1615,0.794
1616,0.586
1617,0.281
1618,0.589
1619,0.534
1620,0.561
1621,0.372
1622,0.407
1623,0.707
1624,0.504
1625,0.607
1626,0.53
1627,0.526
1628,0.521
1629,0.438
1630,0.685
1631,0.654
1632,0.583
1633,0.756
1634,0.763
1635,0.414
1636,0.692
1637,0.673
1638,0.629
1639,0.692
1640,0.722
1641,0.646
1642,0.602
1643,0.485
1644,0.734
1645,0.803
1646,0.609
1647,0.66
1648,0.442
1649,0.518
1650,0.574
1651,0.665
1652,0.609
1653,0.396
1654,0.607
1655,0.727
1656,0.697
1657,0.535
1658,0.824
1659,0.772
1660,0.764
1661,0.734
1662,0.88
1663,0.563
1664,0.641
1665,0.697
1666,0.516
1667,0.529
1668,0.232
1669,0.271
1670,0.439
1671,0.445
1672,0.207
1673,0.604
1674,0.643
1675,0.644
1676,0.703
1677,0.528
1678,0.658
1679,0.792
1680,0.766
1681,0.811
1682,0.663
1683,0.574
1684,0.63
1685,0.466
1686,0.406
1687,0.702
1688,0.523
1689,0.505
1690,0.65
1691,0.847
1692,0.869
1693,0.587
1694,0.636
1695,0.588
1696,0.783
1697,0.643
1698,0.267
1699,0.656
1700,0.904
1701,0.474
1702,0.721
1703,0.369
1704,0.419
1705,0.669
1706,0.559
1707,0.486
1708,0.596
1709,0.627
1710,0.346
1711,0.617
1712,0.45
1713,0.537
1714,0.663
1715,0.676
1716,0.511
1717,0.901
1718,0.52
1719,0.337
1720,0.669
1721,0.899
1722,0.42
1723,0.332
1724,0.513
1725,0.938
1726,0.908
1727,0.54
1728,0.687
1729,0.342
1730,0.563
1731,0.601
1732,0.578
1733,0.585
1734,0.741
1735,0.904
1736,0.614
1737,0.423
1738,0.888
1739,0.916
1740,0.529
1741,0.684
1742,0.545
1743,0.547
1744,0.153
1745,0.778
1746,0.869
1747,0.454
1748,0.743
1749,0.241
1750,0.295
1751,0.73
1752,0.704
1753,0.892
1754,0.836
1755,0.553
1756,0.858
1757,0.697
1758,0.836
1759,0.722
1760,0.625
1761,0.683
1762,0.783
1763,0.737
1764,0.75
1765,0.372
1766,0.473
1767,0.889
1768,0.831
1769,0.575
1770,0.619
1771,0.785
1772,0.871
1773,0.705
1774,0.616
1775,0.419
1776,0.607
1777,0.178
1778,0.539
1779,0.751
1780,0.499
1781,0.662
1782,0.54
1783,0.805
1784,0.596
1785,0.708
1786,0.687
1787,0.704
1788,0.837
1789,0.576
1790,0.842
1791,0.67
1792,0.561
1793,0.794
1794,0.285
1795,0.871
1796,0.648
1797,0.536
1798,0.599
1799,0.597
1800,0.594
1801,0.749
1802,0.874
1803,0.681
1804,0.68
1805,0.584
1806,0.607
1807,0.612
1808,0.525
1809,0.729
1810,0.24
1811,0.616
1812,0.643
1813,0.641
1814,0.634
1815,0.459
1816,0.634
1817,0.6
1818,0.727
1819,0.545
1820,0.665
1821,0.557
1822,0.454
1823,0.458
1824,0.363
1825,0.792
1826,0.638
1827,0.398
1828,0.512
1829,0.863
1830,0.538
1831,0.717
1832,0.705
1833,0.422
1834,0.405
1835,0.802
1836,0.277
1837,0.487
1838,0.465
1839,0.47
1840,0.741
1841,0.429
1842,0.63
1843,0.366
1844,0.694
1845,0.726
1846,0.78
1847,0.693
1848,0.518
1849,0.645
1850,0.424
1851,0.587
1852,0.508
1853,0.757
1854,0.674
1855,0.764
1856,0.504
1857,0.438
1858,0.765
1859,0.91
1860,0.464
1861,0.575
1862,0.745
1863,0.647
1864,0.609
1865,0.854
1866,0.538
1867,0.789
1868,0.414
1869,0.686
1870,0.904
1871,0.753
1872,0.621
1873,0.599
1874,0.657
1875,0.502
1876,0.741
1877,0.354
1878,0.335
1879,0.91
1880,0.68
1881,0.71
1882,0.638
1883,0.667
1884,0.111
1885,0.871
1886,0.782
1887,0.685
1888,0.699
1889,0.179
1890,0.622
1891,0.768
1892,0.629
1893,0.538
1894,0.471
1895,0.65
1896,0.421
1897,0.434
1898,0.411
1899,0.66
1900,0.323
1901,0.68
1902,0.332
1903,0.858
1904,0.63
1905,0.631
1906,0.356
1907,0.252
1908,0.665
1909,0.647
1910,0.643
1911,0.72
1912,0.468
1913,0.195
1914,0.744
1915,0.613
1916,0.267
1917,0.707
1918,0.688
1919,0.307
1920,0.573
1921,0.623
1922,0.54
1923,0.366
1924,0.553
1925,0.843
1926,0.577
1927,0.301
1928,0.654
1929,0.458
1930,0.802
1931,0.887
1932,0.389
1933,0.37
1934,0.749
1935,0.62
1936,0.867
1937,0.554
1938,0.522
1939,0.868
1940,0.365
1941,0.387
1942,0.907
1943,0.571
1944,0.333
1945,0.613
1946,0.678
1947,0.876
1948,0.566
1949,0.829
1950,0.611
1951,0.727
1952,0.568
1953,0.736
1954,0.833
1955,0.543
1956,0.532
1957,0.414
1958,0.548
1959,0.646
1960,0.685
1961,0.683
1962,0.676
1963,0.648
1964,0.601
1965,0.697
1966,0.739
1967,0.69
1968,0.815
1969,0.728
1970,0.509
1971,0.878
1972,0.448
1973,0.66
1974,0.865
1975,0.752
1976,0.397
1977,0.575
1978,0.399
1979,0.708
1980,0.597
1981,0.714
1982,0.508
1983,0.656
1984,0.687
1985,0.837
1986,0.633
1987,0.847
1988,0.814
1989,0.658
1990,0.57
1991,0.562
1992,0.693
1993,0.667
1994,0.719
1995,0.576
1996,0.706
1997,0.802
1998,0.491
1999,0.796
2000,0.518
2001,0.778
2002,0.784
2003,0.588
2004,0.845
2005,0.491
2006,0.585
2007,0.544
2008,0.38
2009,0.671
2010,0.645
2011,0.618
2012,0.54
2013,0.78
2014,0.769
2015,0.665
2016,0.864
2017,0.722
2018,0.433
2019,0.852
2020,0.598
2021,0.53
2022,0.707
2023,0.509
2024,0.414
2025,0.665
2026,0.621
2027,0.914
2028,0.705
2029,0.545
2030,0.708
2031,0.776
2032,0.239
2033,0.714
2034,0.356
2035,0.379
2036,0.536
2037,0.63
2038,0.67
2039,0.526
2040,0.639
2041,0.706
2042,0.727
2043,0.73
2044,0.764
2045,0.837
2046,0.746
2047,0.411
2048,0.338
2049,0.205
2050,0.586
2051,0.638
2052,0.739
2053,0.483
2054,0.694
2055,0.709
2056,0.67
2057,0.66
2058,0.576
2059,0.755
2060,0.222
2061,0.559
2062,0.602
2063,0.887
2064,0.795
2065,0.271
2066,0.632
2067,0.596
2068,0.595
2069,0.609
2070,0.679
2071,0.811
2072,0.366
2073,0.67
2074,0.614
2075,0.83
2076,0.392
2077,0.521
2078,0.28
2079,0.755
2080,0.728
2081,0.74
2082,0.452
2083,0.455
2084,0.737
2085,0.607
2086,0.701
2087,0.585
2088,0.601
2089,0.907
2090,0.396
2091,0.856
2092,0.793
2093,0.491
2094,0.633
2095,0.693
2096,0.554
2097,0.587
2098,0.653
2099,0.585
2100,0.748
2101,0.737
2102,0.591
2103,0.634
2104,0.715
2105,0.585
2106,0.57
2107,0.553
2108,0.371
2109,0.628
2110,0.534
2111,0.723
2112,0.748
2113,0.4
2114,0.711
2115,0.494
2116,0.769
2117,0.165
2118,0.436
2119,0.782
2120,0.21
2121,0.647
2122,0.618
2123,0.826
2124,0.305
2125,0.528
2126,0.756
2127,0.672
2128,0.319
2129,0.492
2130,0.494
2131,0.581
2132,0.697
2133,0.419
2134,0.483
2135,0.906
2136,0.47
2137,0.657
2138,0.483
2139,0.603
2140,0.346
2141,0.838
2142,0.734
2143,0.495
2144,0.851
2145,0.654
2146,0.622
2147,0.54
2148,0.575
2149,0.649
2150,0.157
2151,0.656
2152,0.862
2153,0.641
2154,0.684
2155,0.662
2156,0.643
2157,0.869
2158,0.642
2159,0.575
2160,0.505
2161,0.748
2162,0.389
2163,0.574
2164,0.485
2165,0.596
2166,0.745
2167,0.635
2168,0.303
2169,0.623
2170,0.868
2171,0.397
2172,0.358
2173,0.679
2174,0.606
2175,0.639
2176,0.639
2177,0.548
2178,0.391
2179,0.74
2180,0.539
2181,0.727
2182,0.511
2183,0.514
2184,0.691
2185,0.889
2186,0.723
2187,0.525
2188,0.597
2189,0.581
2190,0.583
2191,0.89
2192,0.823
2193,0.662
2194,0.75
2195,0.824
2196,0.481
2197,0.697
2198,0.62
2199,0.713
2200,0.787
2201,0.391
2202,0.78
2203,0.591
2204,0.87
2205,0.503
2206,0.618
2207,0.535
2208,0.696
2209,0.872
2210,0.805
2211,0.556
2212,0.414
2213,0.504
2214,0.551
2215,0.585
2216,0.827
2217,0.756
2218,0.329
2219,0.559
2220,0.452
2221,0.572
2222,0.674
2223,0.786
2224,0.574
2225,0.208
2226,0.485
2227,0.812
2228,0.609
2229,0.455
2230,0.698
2231,0.739
2232,0.643
2233,0.442
2234,0.587
2235,0.498
2236,0.715
2237,0.837
2238,0.791
2239,0.451
2240,0.231
2241,0.56
2242,0.808
2243,0.541
2244,0.76
2245,0.386
2246,0.761
2247,0.458
2248,0.518
2249,0.497
2250,0.819
2251,0.395
2252,0.572
2253,0.569
2254,0.648
2255,0.464
2256,0.581
2257,0.469
2258,0.731
2259,0.306
2260,0.713
2261,0.661
2262,0.202
2263,0.573
2264,0.723
2265,0.423
2266,0.528
2267,0.771
2268,0.803
2269,0.551
2270,0.479
2271,0.301
2272,0.551
2273,0.736
2274,0.624
2275,0.678
2276,0.508
2277,0.48
2278,0.377
2279,0.402
2280,0.512
2281,0.41
2282,0.727
2283,0.388
2284,0.915
2285,0.787
2286,0.393
2287,0.501
2288,0.558
2289,0.55
2290,0.549
2291,0.343
2292,0.555
2293,0.486
2294,0.718
2295,0.715
2296,0.583
2297,0.702
2298,0.591
2299,0.392
2300,0.452
2301,0.504
2302,0.539
2303,0.897
2304,0.852
2305,0.407
2306,0.375
2307,0.685
2308,0.849
2309,0.432
2310,0.594
2311,0.362
2312,0.758
2313,0.656
2314,0.562
2315,0.708
2316,0.655
2317,0.736
2318,0.454
2319,0.696
2320,0.611
2321,0.807
2322,0.301
2323,0.509
2324,0.672
2325,0.525
2326,0.444
2327,0.436
2328,0.333
2329,0.499
2330,0.793
2331,0.462
2332,0.934
2333,0.509
2334,0.514
2335,0.577
2336,0.472
2337,0.33
2338,0.482
2339,0.503
2340,0.779
2341,0.231
2342,0.765
2343,0.486
2344,0.709
2345,0.571
2346,0.239
2347,0.392
2348,0.623
2349,0.695
2350,0.705
2351,0.585
2352,0.46
2353,0.805
2354,0.69
2355,0.612
2356,0.743
2357,0.559
2358,0.364
2359,0.55
2360,0.697
2361,0.249
2362,0.619
2363,0.209
2364,0.68
2365,0.736
2366,0.727
2367,0.86
2368,0.565
2369,0.647
2370,0.661
2371,0.617
2372,0.493
2373,0.634
2374,0.688
2375,0.567
2376,0.691
2377,0.674
2378,0.513
2379,0.865
2380,0.736
2381,0.351
2382,0.897
2383,0.289
2384,0.357
2385,0.683
2386,0.553
2387,0.32
2388,0.501
2389,0.434
2390,0.696
2391,0.811
2392,0.369
2393,0.542
2394,0.48
2395,0.335
2396,0.764
2397,0.38
2398,0.8
2399,0.778
2400,0.839
2401,0.86
2402,0.653
2403,0.708
2404,0.574
2405,0.542
2406,0.627
2407,0.508
2408,0.577
2409,0.524
2410,0.552
2411,0.585
2412,0.519
2413,0.901
2414,0.653
2415,0.768
2416,0.764
2417,0.245
2418,0.68
2419,0.671
2420,0.589
2421,0.479
2422,0.532
2423,0.61
2424,0.787
2425,0.57
2426,0.356
2427,0.409
2428,0.794
2429,0.632
2430,0.912
2431,0.531
2432,0.599
2433,0.868
2434,0.563
2435,0.78
2436,0.342
2437,0.707
2438,0.532
2439,0.659
2440,0.851
2441,0.61
2442,0.572
2443,0.628
2444,0.494
2445,0.29
2446,0.607
2447,0.647
2448,0.704
2449,0.383
2450,0.665
2451,0.404
2452,0.421
2453,0.133
2454,0.616
2455,0.56
2456,0.394
2457,0.577
2458,0.528
2459,0.737
2460,0.657
2461,0.618
2462,0.526
2463,0.504
2464,0.511
2465,0.67
2466,0.806
2467,0.485
2468,0.673
2469,0.277
2470,0.606
2471,0.376
2472,0.621
2473,0.805
2474,0.611
2475,0.549
2476,0.712
2477,0.623
2478,0.849
2479,0.304
2480,0.336
2481,0.749
2482,0.507
2483,0.785
2484,0.426
2485,0.521
2486,0.519
2487,0.686
2488,0.336
2489,0.454
2490,0.469
2491,0.714
2492,0.39
2493,0.646
2494,0.634
2495,0.538
2496,0.55
2497,0.665
2498,0.48
2499,0.578
2500,0.417
2501,0.347
2502,0.451
2503,0.715
2504,0.624
2505,0.429
2506,0.737
2507,0.809
2508,0.609
2509,0.565
2510,0.748
2511,0.819
2512,0.774
2513,0.157
2514,0.823
2515,0.534
2516,0.92
2517,0.816
2518,0.534
2519,0.461
2520,0.592
2521,0.386
2522,0.414
2523,0.644
2524,0.682
2525,0.717
2526,0.699
2527,0.633
2528,0.781
2529,0.394
2530,0.576
2531,0.797
2532,0.781
2533,0.653
2534,0.483
2535,0.555
2536,0.633
2537,0.671
2538,0.533
2539,0.726
2540,0.674
2541,0.595
2542,0.683
2543,0.527
2544,0.815
2545,0.369
2546,0.625
2547,0.663
2548,0.471
2549,0.46
2550,0.657
2551,0.482
2552,0.618
2553,0.609
2554,0.847
2555,0.856
2556,0.792
2557,0.802
2558,0.489
2559,0.734
2560,0.468
2561,0.806
2562,0.515
2563,0.728
2564,0.231
2565,0.747
2566,0.706
2567,0.251
2568,0.463
2569,0.514
2570,0.669
2571,0.595
2572,0.427
2573,0.776
2574,0.531
2575,0.664
2576,0.735
2577,0.425
2578,0.45
2579,0.409
2580,0.187
2581,0.415
2582,0.488
2583,0.328
2584,0.807
2585,0.859
2586,0.698
2587,0.575
2588,0.702
2589,0.542
2590,0.356
2591,0.597
2592,0.884
2593,0.559
2594,0.628
2595,0.614
2596,0.807
2597,0.817
2598,0.623
2599,0.728
2600,0.505
2601,0.582
2602,0.543
2603,0.757
2604,0.561
2605,0.507
2606,0.482
2607,0.601
2608,0.446
2609,0.709
2610,0.762
2611,0.592
2612,0.367
2613,0.712
2614,0.399
2615,0.751
2616,0.312
2617,0.531
2618,0.639
2619,0.634
2620,0.651
2621,0.322
2622,0.548
2623,0.623
2624,0.338
2625,0.552
2626,0.563
2627,0.623
2628,0.895
2629,0.29
2630,0.657
2631,0.857
2632,0.549
2633,0.671
2634,0.386
2635,0.828
2636,0.597
2637,0.762
2638,0.631
2639,0.776
2640,0.733
2641,0.378
2642,0.613
2643,0.666
2644,0.754
2645,0.492
2646,0.562
2647,0.196
2648,0.513
2649,0.726
2650,0.454
2651,0.413
2652,0.669
2653,0.413
2654,0.558
2655,0.722
2656,0.642
2657,0.547
2658,0.356
2659,0.721
2660,0.745
2661,0.661
2662,0.767
2663,0.755
2664,0.615
2665,0.623
2666,0.716
2667,0.354
2668,0.473
2669,0.348
2670,0.268
2671,0.649
2672,0.56
2673,0.407
2674,0.586
2675,0.59
2676,0.454
2677,0.79
2678,0.526
2679,0.281
2680,0.671
2681,0.735
2682,0.359
2683,0.583
2684,0.34
2685,0.669
2686,0.718
2687,0.435
2688,0.767
2689,0.604
2690,0.548
2691,0.57
2692,0.633
2693,0.274
2694,0.566
2695,0.696
2696,0.368
2697,0.438
2698,0.756
2699,0.901
2700,0.504
2701,0.559
2702,0.386
2703,0.608
2704,0.327
2705,0.378
2706,0.655
2707,0.627
2708,0.656
2709,0.724
2710,0.608
2711,0.324
2712,0.66
2713,0.755
2714,0.538
2715,0.845
2716,0.578
2717,0.756
2718,0.777
2719,0.776
2720,0.478
2721,0.72
2722,0.421
2723,0.544
2724,0.501
2725,0.631
2726,0.688
2727,0.654
2728,0.535
2729,0.541
2730,0.73
2731,0.416
2732,0.425
2733,0.657
2734,0.692
2735,0.372
2736,0.429
2737,0.533
2738,0.632
2739,0.56
2740,0.704
2741,0.704
2742,0.632
2743,0.637
2744,0.746
2745,0.846
2746,0.493
2747,0.385
2748,0.683
2749,0.562
2750,0.654
2751,0.56
2752,0.342
2753,0.664
2754,0.546
2755,0.634
2756,0.349
2757,0.861
2758,0.472
2759,0.247
2760,0.701
2761,0.441
2762,0.717
2763,0.649
2764,0.274
2765,0.258
2766,0.612
2767,0.784
2768,0.914
2769,0.851
2770,0.62
2771,0.716
2772,0.898
2773,0.704
2774,0.612
2775,0.584
2776,0.464
2777,0.194
2778,0.586
2779,0.604
2780,0.671
2781,0.313
2782,0.454
2783,0.73
2784,0.643
2785,0.898
2786,0.85
2787,0.664
2788,0.813
2789,0.704
2790,0.814
2791,0.827
2792,0.574
2793,0.661
2794,0.481
2795,0.878
2796,0.357
2797,0.868
2798,0.766
2799,0.715
2800,0.71
2801,0.699
2802,0.685
2803,0.292
2804,0.699
2805,0.709
2806,0.533
2807,0.586
2808,0.554
2809,0.495
2810,0.663
2811,0.676
2812,0.711
2813,0.779
2814,0.369
2815,0.878
2816,0.62
2817,0.55
2818,0.75
2819,0.686
2820,0.502
2821,0.643
2822,0.418
2823,0.555
2824,0.568
2825,0.298
2826,0.497
2827,0.684
2828,0.526
2829,0.363
2830,0.449
2831,0.909
2832,0.643
2833,0.643
2834,0.599
2835,0.408
2836,0.667
2837,0.616
2838,0.618
2839,0.804
2840,0.499
2841,0.372
2842,0.67
2843,0.632
2844,0.71
2845,0.71
2846,0.456
2847,0.819
2848,0.335
2849,0.478
2850,0.659
2851,0.33
2852,0.686
2853,0.613
2854,0.361
2855,0.658
2856,0.394
2857,0.62
2858,0.335
2859,0.506
2860,0.619
2861,0.564
2862,0.514
2863,0.432
2864,0.805
2865,0.552
2866,0.597
2867,0.665
2868,0.524
2869,0.452
2870,0.437
2871,0.645
2872,0.654
2873,0.616
2874,0.762
2875,0.782
2876,0.821
2877,0.489
2878,0.574
2879,0.584
2880,0.724
2881,0.473
2882,0.361
2883,0.597
2884,0.625
2885,0.625
2886,0.597
2887,0.789
2888,0.683
2889,0.751
2890,0.602
2891,0.876
2892,0.762
2893,0.537
2894,0.712
2895,0.473
2896,0.492
2897,0.522
2898,0.556
2899,0.714
2900,0.775
2901,0.854
2902,0.645
2903,0.658
2904,0.536
2905,0.438
2906,0.457
2907,0.65
2908,0.655
2909,0.674
2910,0.359
2911,0.649
2912,0.574
2913,0.517
2914,0.605
2915,0.627
2916,0.315
2917,0.502
2918,0.473
2919,0.459
2920,0.649
2921,0.475
2922,0.629
2923,0.624
2924,0.217
2925,0.646
2926,0.564
2927,0.699
2928,0.401
2929,0.608
2930,0.618
2931,0.877
2932,0.84
2933,0.732
2934,0.706
2935,0.619
2936,0.375
2937,0.544
2938,0.592
2939,0.757
2940,0.636
2941,0.582
2942,0.643
2943,0.768
2944,0.735
2945,0.714
2946,0.218
2947,0.555
2948,0.758
2949,0.856
2950,0.922
2951,0.835
2952,0.676
2953,0.623
2954,0.641
2955,0.62
2956,0.901
2957,0.333
2958,0.808
2959,0.742
2960,0.572
2961,0.848
2962,0.486
2963,0.862
2964,0.6
2965,0.768
2966,0.583
2967,0.69
2968,0.849
2969,0.833
2970,0.233
2971,0.561
2972,0.632
2973,0.748
2974,0.309
2975,0.58
2976,0.373
2977,0.611
2978,0.66
2979,0.731
2980,0.832
2981,0.669
2982,0.489
2983,0.503
2984,0.723
2985,0.643
2986,0.419
2987,0.558
2988,0.747
2989,0.517
2990,0.562
2991,0.863
2992,0.636
2993,0.61
2994,0.673
2995,0.602
2996,0.53
2997,0.622
2998,0.681
2999,0.752
3000,0.328
3001,0.212
3002,0.764
3003,0.707
3004,0.679
3005,0.627
3006,0.6
3007,0.581
3008,0.226
3009,0.262
3010,0.67
3011,0.721
3012,0.535
3013,0.492
3014,0.515
3015,0.604
3016,0.683
3017,0.343
3018,0.599
3019,0.667
3020,0.657
3021,0.919
3022,0.796
3023,0.787
3024,0.297
3025,0.402
3026,0.628
3027,0.524
3028,0.533
3029,0.236
3030,0.476
3031,0.441
3032,0.758
3033,0.416
3034,0.311
3035,0.566
3036,0.379
3037,0.391
3038,0.767
3039,0.496
3040,0.72
3041,0.627
3042,0.588
3043,0.387
3044,0.5
3045,0.624
3046,0.526
3047,0.523
3048,0.397
3049,0.415
3050,0.552
3051,0.654
3052,0.521
3053,0.589
3054,0.837
3055,0.276
3056,0.663
3057,0.374
3058,0.872
3059,0.587
3060,0.704
3061,0.509
3062,0.734
3063,0.745
3064,0.429
3065,0.806
3066,0.246
3067,0.73
3068,0.654
3069,0.815
3070,0.528
3071,0.313
3072,0.826
3073,0.81
3074,0.674
3075,0.772
3076,0.409
3077,0.875
3078,0.447
3079,0.249
3080,0.595
3081,0.863
3082,0.837
3083,0.306
3084,0.656
3085,0.537
3086,0.396
3087,0.823
3088,0.679
3089,0.451
3090,0.661
3091,0.629
3092,0.505
3093,0.816
3094,0.533
3095,0.504
3096,0.531
3097,0.601
3098,0.253
3099,0.618
3100,0.453
3101,0.754
3102,0.697
3103,0.471
3104,0.56
3105,0.577
3106,0.325
3107,0.552
3108,0.887
3109,0.425
3110,0.574
3111,0.552
3112,0.571
3113,0.619
3114,0.666
3115,0.67
3116,0.605
3117,0.537
3118,0.7
3119,0.395
3120,0.784
3121,0.519
3122,0.517
3123,0.362
3124,0.557
3125,0.757
3126,0.536
3127,0.547
3128,0.414
3129,0.602
3130,0.659
3131,0.423
3132,0.376
3133,0.625
3134,0.488
3135,0.78
3136,0.466
3137,0.633
3138,0.715
3139,0.352
3140,0.656
3141,0.609
3142,0.512
3143,0.659
3144,0.531
3145,0.592
3146,0.422
3147,0.771
3148,0.565
3149,0.484
3150,0.533
3151,0.626
3152,0.818
3153,0.667
3154,0.563
3155,0.318
3156,0.538
3157,0.469
3158,0.841
3159,0.903
3160,0.453
3161,0.494
3162,0.536
3163,0.605
3164,0.624
3165,0.663
3166,0.756
3167,0.699
3168,0.373
3169,0.622
3170,0.51
3171,0.42
3172,0.731
3173,0.516
3174,0.751
3175,0.504
3176,0.776
3177,0.613
3178,0.636
3179,0.487
3180,0.721
3181,0.485
3182,0.791
3183,0.513
3184,0.752
3185,0.525
3186,0.691
3187,0.724
3188,0.477
3189,0.459
3190,0.639
3191,0.478
3192,0.688
3193,0.213
3194,0.546
3195,0.701
3196,0.495
3197,0.415
3198,0.282
3199,0.518
3200,0.753
3201,0.711
3202,0.79
3203,0.429
3204,0.741
3205,0.305
3206,0.908
3207,0.52
3208,0.548
3209,0.893
3210,0.471
3211,0.729
3212,0.624
3213,0.534
3214,0.679
3215,0.32
3216,0.84
3217,0.67
3218,0.662
3219,0.354
3220,0.441
3221,0.523
3222,0.51
3223,0.737
3224,0.477
3225,0.307
3226,0.706
3227,0.403
3228,0.61
3229,0.627
3230,0.75
3231,0.459
3232,0.759
3233,0.435
3234,0.698
3235,0.479
3236,0.595
3237,0.25
3238,0.841
3239,0.421
3240,0.526
3241,0.569
3242,0.745
3243,0.318
3244,0.828
3245,0.257
3246,0.785
3247,0.379
3248,0.57
3249,0.658
3250,0.421
3251,0.615
3252,0.612
3253,0.505
3254,0.358
3255,0.567
3256,0.737
3257,0.593
3258,0.425
3259,0.649
3260,0.842
3261,0.787
3262,0.655
3263,0.795
3264,0.481
3265,0.85
3266,0.366
3267,0.582
3268,0.515
3269,0.388
3270,0.476
3271,0.725
3272,0.63
3273,0.651
3274,0.664
3275,0.835
3276,0.876
3277,0.711
3278,0.651
3279,0.717
3280,0.493
3281,0.755
3282,0.682
3283,0.847
3284,0.531
3285,0.41
3286,0.752
3287,0.407
3288,0.786
3289,0.277
3290,0.797
3291,0.68
3292,0.856
3293,0.63
3294,0.351
3295,0.685
3296,0.585
3297,0.537
3298,0.627
3299,0.578
3300,0.361
3301,0.582
3302,0.799
3303,0.865
3304,0.6
3305,0.545
3306,0.465
3307,0.408
3308,0.667
3309,0.694
3310,0.538
3311,0.754
3312,0.597
3313,0.462
3314,0.494
3315,0.671
3316,0.507
3317,0.655
3318,0.673
3319,0.752
3320,0.685
3321,0.63
3322,0.515
3323,0.557
3324,0.424
3325,0.652
3326,0.509
3327,0.495
3328,0.518
3329,0.636
3330,0.815
3331,0.478
3332,0.621
3333,0.602
3334,0.878
3335,0.531
3336,0.583
3337,0.488
3338,0.845
3339,0.478
3340,0.382
3341,0.699
3342,0.493
3343,0.776
3344,0.578
3345,0.813
3346,0.46
3347,0.537
3348,0.695
3349,0.584
3350,0.625
3351,0.521
3352,0.742
3353,0.904
3354,0.547
3355,0.519
3356,0.856
3357,0.723
3358,0.449
3359,0.723
3360,0.527
3361,0.647
3362,0.46
3363,0.576
3364,0.489
3365,0.563
3366,0.821
3367,0.35
3368,0.668
3369,0.681
3370,0.681
3371,0.825
3372,0.724
3373,0.592
3374,0.759
3375,0.767
3376,0.715
3377,0.524
3378,0.661
3379,0.643
3380,0.77
3381,0.539
3382,0.844
3383,0.434
3384,0.479
3385,0.859
3386,0.701
3387,0.884
3388,0.612
3389,0.563
3390,0.849
3391,0.382
3392,0.477
3393,0.637
3394,0.82
3395,0.637
3396,0.472
3397,0.658
3398,0.63
3399,0.812
3400,0.653
3401,0.213
3402,0.709
3403,0.466
3404,0.721
3405,0.717
3406,0.766
3407,0.745
3408,0.424
3409,0.814
3410,0.497
3411,0.786
3412,0.703
3413,0.655
3414,0.57
3415,0.754
3416,0.889
3417,0.836
3418,0.53
3419,0.379
3420,0.575
3421,0.612
3422,0.771
3423,0.741
3424,0.521
3425,0.478
3426,0.821
3427,0.621
3428,0.819
3429,0.624
3430,0.394
3431,0.859
3432,0.892
3433,0.291
3434,0.382
3435,0.875
3436,0.668
3437,0.419
3438,0.459
3439,0.535
3440,0.77
3441,0.818
3442,0.768
3443,0.876
3444,0.447
3445,0.447
3446,0.761
3447,0.325
3448,0.542
3449,0.777
3450,0.458
3451,0.582
3452,0.441
3453,0.615
3454,0.631
3455,0.735
3456,0.786
3457,0.921
3458,0.852
3459,0.224
3460,0.603
3461,0.52
3462,0.416
3463,0.473
3464,0.843
3465,0.607
3466,0.802
3467,0.602
3468,0.629
3469,0.625
3470,0.584
3471,0.657
3472,0.519
3473,0.293
3474,0.45
3475,0.735
3476,0.507
3477,0.429
3478,0.544
3479,0.615
3480,0.338
3481,0.369
3482,0.64
3483,0.703
3484,0.51
3485,0.56
3486,0.15
3487,0.608
3488,0.599
3489,0.548
3490,0.693
3491,0.908
3492,0.717
3493,0.417
3494,0.49
3495,0.809
3496,0.482
3497,0.64
3498,0.876
3499,0.556
3500,0.777
3501,0.782
3502,0.248
3503,0.739
3504,0.355
3505,0.349
3506,0.612
3507,0.411
3508,0.497
3509,0.663
3510,0.927
3511,0.756
3512,0.19
3513,0.748
3514,0.673
3515,0.699
3516,0.485
3517,0.651
3518,0.648
3519,0.719
3520,0.653
3521,0.664
3522,0.593
3523,0.551
3524,0.468
3525,0.653
3526,0.494
3527,0.415
3528,0.585
3529,0.819
3530,0.596
3531,0.673
3532,0.626
3533,0.584
3534,0.819
3535,0.803
3536,0.701
3537,0.598
3538,0.576
3539,0.368
3540,0.439
3541,0.555
3542,0.709
3543,0.746
3544,0.642
3545,0.451
3546,0.636
3547,0.894
3548,0.392
3549,0.84
3550,0.268
3551,0.608
3552,0.612
3553,0.608
3554,0.588
3555,0.537
3556,0.853
3557,0.691
3558,0.794
3559,0.583
3560,0.622
3561,0.507
3562,0.481
3563,0.622
3564,0.535
3565,0.816
3566,0.92
3567,0.549
3568,0.835
3569,0.29
3570,0.532
3571,0.338
3572,0.718
3573,0.906
3574,0.844
3575,0.764
3576,0.27
3577,0.73
3578,0.512
3579,0.442
3580,0.289
3581,0.366
3582,0.581
3583,0.762
3584,0.248
3585,0.762
3586,0.393
3587,0.764
3588,0.622
3589,0.645
3590,0.774
3591,0.654
3592,0.747
3593,0.874
3594,0.571
3595,0.63
3596,0.773
3597,0.719
3598,0.874
3599,0.497
3600,0.544
3601,0.424
3602,0.673
3603,0.679
3604,0.853
3605,0.916
3606,0.691
3607,0.477
3608,0.665
3609,0.763
3610,0.67
3611,0.453
3612,0.372
3613,0.56
3614,0.28
3615,0.816
3616,0.37
3617,0.643
3618,0.583
3619,0.44
3620,0.194
3621,0.706
3622,0.555
3623,0.526
3624,0.57
3625,0.295
3626,0.378
3627,0.743
3628,0.42
3629,0.644
3630,0.651
3631,0.517
3632,0.596
3633,0.771
3634,0.49
3635,0.488
3636,0.548
3637,0.904
3638,0.649
3639,0.776
3640,0.357
3641,0.778
3642,0.76
3643,0.723
3644,0.574
3645,0.374
3646,0.91
3647,0.692
3648,0.877
3649,0.313
3650,0.74
3651,0.709
3652,0.361
3653,0.442
3654,0.438
3655,0.853
3656,0.426
3657,0.392
3658,0.622
3659,0.756
3660,0.686
3661,0.793
3662,0.673
3663,0.792
3664,0.592
3665,0.35
3666,0.664
3667,0.378
3668,0.635
3669,0.696
3670,0.475
3671,0.737
3672,0.887
3673,0.661
3674,0.904
3675,0.523
3676,0.824
3677,0.669
3678,0.396
3679,0.656
3680,0.415
3681,0.416
3682,0.183
3683,0.615
3684,0.847
3685,0.353
3686,0.617
3687,0.697
3688,0.432
3689,0.373
3690,0.405
3691,0.618
3692,0.847
3693,0.613
3694,0.592
3695,0.708
3696,0.756
3697,0.747
3698,0.794
3699,0.445
3700,0.707
3701,0.623
3702,0.635
3703,0.599
3704,0.839
3705,0.667
3706,0.678
3707,0.726
3708,0.354
3709,0.504
3710,0.875
3711,0.49
3712,0.608
3713,0.478
3714,0.164
3715,0.658
3716,0.711
3717,0.489
3718,0.743
3719,0.236
3720,0.581
3721,0.562
3722,0.587
3723,0.704
3724,0.296
3725,0.486
3726,0.676
3727,0.567
3728,0.618
3729,0.803
3730,0.561
3731,0.47
3732,0.686
3733,0.883
3734,0.829
3735,0.89
3736,0.487
3737,0.639
3738,0.466
3739,0.871
3740,0.402
3741,0.63
3742,0.403
3743,0.663
3744,0.613
3745,0.427
3746,0.634
3747,0.568
3748,0.393
3749,0.358
3750,0.221
3751,0.614
3752,0.789
3753,0.705
3754,0.711
3755,0.564
3756,0.408
3757,0.609
3758,0.416
3759,0.595
3760,0.629
3761,0.63
3762,0.349
3763,0.31
3764,0.51
3765,0.603
3766,0.586
3767,0.613
3768,0.576
3769,0.659
3770,0.458
3771,0.66
3772,0.727
3773,0.524
3774,0.325
3775,0.475
3776,0.456
3777,0.757
3778,0.531
3779,0.569
3780,0.662
3781,0.641
3782,0.558
3783,0.687
3784,0.705
3785,0.541
3786,0.718
3787,0.688
3788,0.602
3789,0.685
3790,0.476
3791,0.139
3792,0.423
3793,0.713
3794,0.773
3795,0.714
3796,0.587
3797,0.651
3798,0.558
3799,0.922
3800,0.213
3801,0.521
3802,0.774
3803,0.606
3804,0.75
3805,0.722
3806,0.782
3807,0.734
3808,0.379
3809,0.421
3810,0.717
3811,0.737
3812,0.892
3813,0.783
3814,0.879
3815,0.749
3816,0.21
3817,0.481
3818,0.708
3819,0.853
3820,0.44
3821,0.384
3822,0.595
3823,0.727
3824,0.554
3825,0.698
3826,0.358
3827,0.556
3828,0.637
3829,0.569
3830,0.514
3831,0.509
3832,0.43
3833,0.588
3834,0.436
3835,0.454
3836,0.528
3837,0.638
3838,0.304
3839,0.83
3840,0.289
3841,0.573
3842,0.589
3843,0.543
3844,0.739
3845,0.775
3846,0.726
3847,0.426
3848,0.639
3849,0.679
3850,0.775
3851,0.678
3852,0.54
3853,0.541
3854,0.452
3855,0.626
3856,0.229
3857,0.586
3858,0.332
3859,0.56
3860,0.405
3861,0.263
3862,0.695
3863,0.549
3864,0.533
3865,0.904
3866,0.574
3867,0.6
3868,0.806
3869,0.79
3870,0.383
3871,0.844
3872,0.659
3873,0.39
3874,0.562
3875,0.516
3876,0.667
3877,0.83
3878,0.433
3879,0.468
3880,0.527
3881,0.642
3882,0.601
3883,0.561
3884,0.512
3885,0.432
3886,0.84
3887,0.541
3888,0.456
3889,0.613
3890,0.649
3891,0.292
3892,0.385
3893,0.403
3894,0.564
3895,0.308
3896,0.745
3897,0.378
3898,0.577
3899,0.776
3900,0.616
3901,0.551
3902,0.56
3903,0.647
3904,0.512
3905,0.774
3906,0.646
3907,0.749
3908,0.664
3909,0.281
3910,0.646
3911,0.564
3912,0.398
3913,0.287
3914,0.59
3915,0.594
3916,0.827
3917,0.728
3918,0.677
3919,0.531
3920,0.422
3921,0.553
3922,0.85
3923,0.661
3924,0.629
3925,0.671
3926,0.364
3927,0.689
3928,0.803
3929,0.791
3930,0.697
3931,0.77
3932,0.632
3933,0.405
3934,0.651
3935,0.416
3936,0.42
3937,0.659
3938,0.627
3939,0.684
3940,0.724
3941,0.871
3942,0.736
3943,0.485
3944,0.687
3945,0.511
3946,0.803
3947,0.211
3948,0.72
3949,0.565
3950,0.429
3951,0.75
3952,0.914
3953,0.503
3954,0.47
3955,0.711
3956,0.618
3957,0.616
3958,0.765
3959,0.812
3960,0.696
3961,0.74
3962,0.63
3963,0.584
3964,0.598
3965,0.582
3966,0.623
3967,0.459
3968,0.519
3969,0.638
3970,0.631
3971,0.516
3972,0.643
3973,0.445
3974,0.766
3975,0.485
3976,0.883
3977,0.234
3978,0.59
3979,0.503
3980,0.69
3981,0.381
3982,0.686
3983,0.576
3984,0.642
3985,0.588
3986,0.757
3987,0.654
3988,0.664
3989,0.396
3990,0.6
3991,0.302
3992,0.599
3993,0.444
3994,0.51
3995,0.644
3996,0.584
3997,0.796
3998,0.651
3999,0.558
4000,0.635
4001,0.719
4002,0.697
4003,0.612
4004,0.59
4005,0.467
4006,0.574
4007,0.578
4008,0.463
4009,0.667
4010,0.199
4011,0.607
4012,0.792
4013,0.698
4014,0.501
4015,0.924
4016,0.326
4017,0.857
4018,0.74
4019,0.722
4020,0.68
4021,0.509
4022,0.598
4023,0.498
4024,0.428
4025,0.573
4026,0.519
4027,0.658
4028,0.734
4029,0.676
4030,0.549
4031,0.7
4032,0.863
4033,0.603
4034,0.664
4035,0.781
4036,0.471
4037,0.481
4038,0.463
4039,0.652
4040,0.678
4041,0.3
4042,0.487
4043,0.729
4044,0.221
4045,0.526
4046,0.394
4047,0.585
4048,0.503
4049,0.835
4050,0.801
4051,0.532
4052,0.803
4053,0.899
4054,0.711
4055,0.738
4056,0.675
4057,0.539
4058,0.75
4059,0.33
4060,0.843
4061,0.415
4062,0.567
4063,0.893
4064,0.833
4065,0.65
4066,0.61
4067,0.445
4068,0.726
4069,0.423
4070,0.71
4071,0.602
4072,0.535
4073,0.509
4074,0.589
4075,0.489
4076,0.594
4077,0.898
4078,0.747
4079,0.42
4080,0.781
4081,0.546
4082,0.681
4083,0.631
4084,0.457
4085,0.795
4086,0.496
4087,0.591
4088,0.848
4089,0.645
4090,0.804
4091,0.751
4092,0.603
4093,0.617
4094,0.5
4095,0.509
4096,0.528
4097,0.676
4098,0.649
4099,0.779
4100,0.723
4101,0.564
4102,0.606
4103,0.538
4104,0.873
4105,0.609
4106,0.508
4107,0.597
4108,0.703
4109,0.806
4110,0.569
4111,0.718
4112,0.564
4113,0.65
4114,0.812
4115,0.456
4116,0.781
4117,0.248
4118,0.575
4119,0.449
4120,0.397
4121,0.57
4122,0.611
4123,0.446
4124,0.639
4125,0.566
4126,0.42
4127,0.871
4128,0.325
4129,0.387
4130,0.264
4131,0.714
4132,0.803
4133,0.385
4134,0.381
4135,0.626
4136,0.572
4137,0.64
4138,0.466
4139,0.698
4140,0.819
4141,0.812
4142,0.523
4143,0.721
4144,0.292
4145,0.617
4146,0.817
4147,0.842
4148,0.426
4149,0.626
4150,0.463
4151,0.494
4152,0.595
4153,0.678
4154,0.254
4155,0.69
4156,0.623
4157,0.621
4158,0.803
4159,0.592
4160,0.366
4161,0.387
4162,0.689
4163,0.3
4164,0.651
4165,0.546
4166,0.42
4167,0.578
4168,0.543
4169,0.754
4170,0.851
4171,0.613
4172,0.469
4173,0.761
4174,0.501
4175,0.709
4176,0.523
4177,0.238
4178,0.408
4179,0.456
4180,0.872
4181,0.655
4182,0.76
4183,0.571
4184,0.669
4185,0.741
4186,0.438
4187,0.653
4188,0.733
4189,0.679
4190,0.61
4191,0.579
4192,0.393
4193,0.656
4194,0.761
4195,0.653
4196,0.414
4197,0.692
4198,0.506
4199,0.618
4200,0.741
4201,0.668
4202,0.586
4203,0.368
4204,0.41
4205,0.574
4206,0.838
4207,0.163
4208,0.38
4209,0.539
4210,0.753
4211,0.634
4212,0.537
4213,0.593
4214,0.784
4215,0.628
4216,0.804
4217,0.564
4218,0.43
4219,0.616
4220,0.29
4221,0.57
4222,0.559
4223,0.455
4224,0.544
4225,0.552
4226,0.424
4227,0.686
4228,0.545
4229,0.623
4230,0.263
4231,0.353
4232,0.682
4233,0.766
4234,0.817
4235,0.587
4236,0.689
4237,0.605
4238,0.504
4239,0.821
4240,0.523
4241,0.682
4242,0.611
4243,0.525
4244,0.594
4245,0.291
4246,0.8
4247,0.831
4248,0.335
4249,0.89
4250,0.577
4251,0.683
4252,0.326
4253,0.268
4254,0.698
4255,0.712
4256,0.535
4257,0.811
4258,0.518
4259,0.643
4260,0.669
4261,0.608
4262,0.676
4263,0.645
4264,0.666
4265,0.397
4266,0.77
4267,0.427
4268,0.731
4269,0.331
4270,0.85
4271,0.441
4272,0.531
4273,0.216
4274,0.609
4275,0.564
4276,0.411
4277,0.685
4278,0.428
4279,0.502
4280,0.392
4281,0.539
4282,0.788
4283,0.477
4284,0.556
4285,0.723
4286,0.581
4287,0.674
4288,0.446
4289,0.396
4290,0.798
4291,0.8
4292,0.588
4293,0.619
4294,0.54
4295,0.438
4296,0.421
4297,0.625
4298,0.744
4299,0.686
4300,0.495
4301,0.397
4302,0.811
4303,0.818
4304,0.419
4305,0.576
4306,0.431
4307,0.469
4308,0.628
4309,0.659
4310,0.332
4311,0.612
4312,0.685
4313,0.619
4314,0.852
4315,0.627
4316,0.532
4317,0.852
4318,0.728
4319,0.405
4320,0.507
4321,0.519
4322,0.657
4323,0.698
4324,0.839
4325,0.761
4326,0.346
4327,0.529
4328,0.666
4329,0.706
4330,0.571
4331,0.829
4332,0.427
4333,0.578
4334,0.7
4335,0.496
4336,0.579
4337,0.68
4338,0.514
4339,0.45
4340,0.468
4341,0.739
4342,0.762
4343,0.477
4344,0.438
4345,0.59
4346,0.788
4347,0.395
4348,0.791
4349,0.386
4350,0.731
4351,0.307
4352,0.654
4353,0.659
4354,0.748
4355,0.528
4356,0.473
4357,0.423
4358,0.556
4359,0.649
4360,0.375
4361,0.54
4362,0.824
4363,0.239
4364,0.834
4365,0.243
4366,0.841
4367,0.462
4368,0.764
4369,0.577
4370,0.695
4371,0.348
4372,0.909
4373,0.667
4374,0.443
4375,0.748
4376,0.804
4377,0.649
4378,0.874
4379,0.277
4380,0.63
4381,0.731
4382,0.292
4383,0.202
4384,0.573
4385,0.707
4386,0.761
4387,0.674
4388,0.709
4389,0.393
4390,0.457
4391,0.569
4392,0.761
4393,0.685
4394,0.811
4395,0.699
4396,0.642
4397,0.705
4398,0.517
4399,0.702
4400,0.875
4401,0.448
4402,0.655
4403,0.469
4404,0.805
4405,0.597
4406,0.488
4407,0.669
4408,0.584
4409,0.777
4410,0.746
4411,0.563
4412,0.839
4413,0.531
4414,0.658
4415,0.45
4416,0.814
4417,0.38
4418,0.643
4419,0.782
4420,0.572
4421,0.689
4422,0.856
4423,0.741
4424,0.367
4425,0.198
4426,0.349
4427,0.415
4428,0.606
4429,0.393
4430,0.426
4431,0.769
4432,0.721
4433,0.519
4434,0.52
4435,0.228
4436,0.564
4437,0.217
4438,0.603
4439,0.424
4440,0.755
4441,0.306
4442,0.521
4443,0.614
4444,0.348
4445,0.669
4446,0.598
4447,0.783
4448,0.539
4449,0.845
4450,0.675
4451,0.56
4452,0.502
4453,0.651
4454,0.887
4455,0.734
4456,0.581
4457,0.879
4458,0.788
4459,0.514
4460,0.666
4461,0.855
4462,0.429
4463,0.656
4464,0.541
4465,0.655
4466,0.701
4467,0.53
4468,0.723
4469,0.499
4470,0.643
4471,0.537
4472,0.544
4473,0.604
4474,0.67
4475,0.85
4476,0.575
4477,0.916
4478,0.547
4479,0.691
4480,0.739
4481,0.666
4482,0.399
4483,0.825
4484,0.692
4485,0.431
4486,0.624
4487,0.564
4488,0.633
4489,0.805
4490,0.734
4491,0.551
4492,0.401
4493,0.539
4494,0.385
4495,0.906
4496,0.904
4497,0.534
4498,0.676
4499,0.526
4500,0.713
4501,0.696
4502,0.279
4503,0.743
4504,0.77
4505,0.408
4506,0.747
4507,0.761
4508,0.771
4509,0.438
4510,0.551
4511,0.719
4512,0.352
4513,0.33
4514,0.832
4515,0.63
4516,0.439
4517,0.533
4518,0.702
4519,0.598
4520,0.87
4521,0.299
4522,0.626
4523,0.49
4524,0.369
4525,0.41
4526,0.533
4527,0.27
4528,0.658
4529,0.731
4530,0.541
4531,0.37
4532,0.668
4533,0.626
4534,0.624
4535,0.879
4536,0.667
4537,0.575
4538,0.6
4539,0.716
4540,0.586
4541,0.365
4542,0.681
4543,0.34
4544,0.888
4545,0.619
4546,0.476
4547,0.621
4548,0.568
4549,0.384
4550,0.91
4551,0.637
4552,0.632
4553,0.375
4554,0.719
4555,0.772
4556,0.438
4557,0.789
4558,0.501
4559,0.693
4560,0.509
4561,0.663
4562,0.308
4563,0.599
4564,0.594
4565,0.795
4566,0.468
4567,0.521
4568,0.505
4569,0.8
4570,0.521
4571,0.26
4572,0.541
4573,0.402
4574,0.791
4575,0.834
4576,0.724
4577,0.562
4578,0.723
4579,0.547
4580,0.71
4581,0.589
4582,0.668
4583,0.249
4584,0.624
4585,0.599
4586,0.656
4587,0.198
4588,0.626
4589,0.558
4590,0.42
4591,0.23
4592,0.685
4593,0.151
4594,0.538
4595,0.568
4596,0.561
4597,0.47
4598,0.709
4599,0.545
4600,0.441
4601,0.688
4602,0.713
4603,0.655
4604,0.432
4605,0.777
4606,0.621
4607,0.5
4608,0.626
4609,0.597
4610,0.534
4611,0.638
4612,0.647
4613,0.821
4614,0.679
4615,0.323
4616,0.177
4617,0.261
4618,0.644
4619,0.47
4620,0.795
4621,0.66
4622,0.528
4623,0.587
4624,0.692
4625,0.41
4626,0.651
4627,0.567
4628,0.82
4629,0.542
4630,0.622
4631,0.513
4632,0.455
4633,0.659
4634,0.706
4635,0.565
4636,0.639
4637,0.384
4638,0.725
4639,0.824
4640,0.499
4641,0.602
4642,0.563
4643,0.678
4644,0.797
4645,0.885
4646,0.59
4647,0.452
4648,0.621
4649,0.526
4650,0.457
4651,0.817
4652,0.478
4653,0.496
4654,0.624
4655,0.587
4656,0.457
4657,0.644
4658,0.479
4659,0.724
4660,0.583
4661,0.586
4662,0.569
4663,0.769
4664,0.731
4665,0.691
4666,0.325
4667,0.759
4668,0.477
4669,0.592
4670,0.584
4671,0.537
4672,0.483
4673,0.735
4674,0.653
4675,0.634
4676,0.667
4677,0.348
4678,0.35
4679,0.639
4680,0.573
4681,0.16
4682,0.775
4683,0.645
4684,0.793
4685,0.694
4686,0.687
4687,0.58
4688,0.463
4689,0.675
4690,0.501
4691,0.665
4692,0.661
4693,0.553
4694,0.51
4695,0.501
4696,0.708
4697,0.269
4698,0.818
4699,0.571
4700,0.708
4701,0.45
4702,0.801
4703,0.246
4704,0.745
4705,0.516
4706,0.299
4707,0.555
4708,0.354
4709,0.63
4710,0.564
4711,0.631
4712,0.762
4713,0.616
4714,0.429
4715,0.651
4716,0.667
4717,0.574
4718,0.616
4719,0.485
4720,0.559
4721,0.544
4722,0.567
4723,0.59
4724,0.585
4725,0.791
4726,0.765
4727,0.755
4728,0.797
4729,0.51
4730,0.473
4731,0.725
4732,0.362
4733,0.404
4734,0.575
4735,0.773
4736,0.515
4737,0.757
4738,0.846
4739,0.844
4740,0.57
4741,0.638
4742,0.665
4743,0.386
4744,0.643
4745,0.778
4746,0.523
4747,0.301
4748,0.625
4749,0.787
4750,0.507
4751,0.455
4752,0.624
4753,0.574
4754,0.594
4755,0.417
4756,0.558
4757,0.523
4758,0.733
4759,0.545
4760,0.434
4761,0.689
4762,0.774
4763,0.728
4764,0.532
4765,0.594
4766,0.528
4767,0.832
4768,0.634
4769,0.651
4770,0.603
4771,0.202
4772,0.75
4773,0.437
4774,0.444
4775,0.37
4776,0.652
4777,0.515
4778,0.778
4779,0.233
4780,0.326
4781,0.903
4782,0.402
4783,0.404
4784,0.35
4785,0.504
4786,0.68
4787,0.48
4788,0.805
4789,0.621
4790,0.793
4791,0.661
4792,0.2
4793,0.796
4794,0.812
4795,0.575
4796,0.372
4797,0.149
4798,0.542
4799,0.403
4800,0.689
4801,0.621
4802,0.537
4803,0.711
4804,0.605
4805,0.717
4806,0.744
4807,0.482
4808,0.708
4809,0.793
4810,0.411
4811,0.504
4812,0.609
4813,0.592
4814,0.424
4815,0.587
4816,0.812
4817,0.844
4818,0.485
4819,0.673
4820,0.632
4821,0.429
4822,0.616
4823,0.674
4824,0.655
4825,0.723
4826,0.733
4827,0.679
4828,0.438
4829,0.736
4830,0.592
4831,0.758
4832,0.543
4833,0.628
4834,0.648
4835,0.291
4836,0.523
4837,0.341
4838,0.64
4839,0.584
4840,0.53
4841,0.545
4842,0.881
4843,0.593
4844,0.667
4845,0.677
4846,0.773
4847,0.613
4848,0.708
4849,0.722
4850,0.533
4851,0.791
4852,0.462
4853,0.409
4854,0.539
4855,0.613
4856,0.575
4857,0.771
4858,0.626
4859,0.593
4860,0.656
4861,0.313
4862,0.348
4863,0.551
4864,0.627
4865,0.525
4866,0.518
4867,0.617
4868,0.923
4869,0.857
4870,0.796
4871,0.581
4872,0.484
4873,0.598
4874,0.695
4875,0.696
4876,0.734
4877,0.634
4878,0.514
4879,0.247
4880,0.729
4881,0.834
4882,0.708
4883,0.566
4884,0.699
4885,0.875
4886,0.343
4887,0.407
4888,0.289
4889,0.409
4890,0.819
4891,0.721
4892,0.758
4893,0.848
4894,0.772
4895,0.698
4896,0.368
4897,0.378
4898,0.759
4899,0.617
4900,0.316
4901,0.592
4902,0.428
4903,0.655
4904,0.415
4905,0.466
4906,0.573
4907,0.594
4908,0.378
4909,0.841
4910,0.472
4911,0.845
4912,0.458
4913,0.38
4914,0.777
4915,0.345
4916,0.617
4917,0.531
4918,0.589
4919,0.861
4920,0.822
4921,0.57
4922,0.804
4923,0.687
4924,0.877
4925,0.417
4926,0.893
4927,0.64
4928,0.675
4929,0.732
4930,0.615
4931,0.798
4932,0.564
4933,0.477
4934,0.372
4935,0.845
4936,0.553
4937,0.69
4938,0.528
4939,0.689
4940,0.499
4941,0.401
4942,0.361
4943,0.769
4944,0.581
4945,0.704
4946,0.409
4947,0.793
4948,0.768
4949,0.599
4950,0.512
4951,0.394
4952,0.645
4953,0.646
4954,0.618
4955,0.369
4956,0.688
4957,0.822
4958,0.535
4959,0.363
4960,0.655
4961,0.863
4962,0.331
4963,0.732
4964,0.33
4965,0.73
4966,0.487
4967,0.817
4968,0.632
4969,0.873
4970,0.481
4971,0.702
4972,0.882
4973,0.566
4974,0.748
4975,0.808
4976,0.582
4977,0.582
4978,0.204
4979,0.316
4980,0.669
4981,0.524
4982,0.655
4983,0.519
4984,0.651
4985,0.23
4986,0.757
4987,0.547
4988,0.278
4989,0.37
4990,0.456
4991,0.858
4992,0.423
4993,0.486
4994,0.48
4995,0.522
4996,0.569
4997,0.801
4998,0.764
4999,0.502
5000,0.635
5001,0.745
5002,0.638
5003,0.491
5004,0.589
5005,0.74
5006,0.715
5007,0.549
5008,0.727
5009,0.646
5010,0.58
5011,0.502
5012,0.83
5013,0.368
5014,0.651
5015,0.591
5016,0.697
5017,0.575
5018,0.543
5019,0.591
5020,0.651
5021,0.379
5022,0.723
5023,0.42
5024,0.798
5025,0.713
5026,0.712
5027,0.844
5028,0.518
5029,0.307
5030,0.522
5031,0.831
5032,0.585
5033,0.386
5034,0.658
5035,0.402
5036,0.601
5037,0.722
5038,0.726
5039,0.43
5040,0.527
5041,0.255
5042,0.536
5043,0.842
5044,0.5
5045,0.643
5046,0.732
5047,0.623
5048,0.63
5049,0.768
5050,0.627
5051,0.27
5052,0.796
5053,0.846
5054,0.519
5055,0.542
5056,0.764
5057,0.37
5058,0.526
5059,0.815
5060,0.715
5061,0.729
5062,0.471
5063,0.493
5064,0.662
5065,0.473
5066,0.782
5067,0.615
5068,0.894
5069,0.727
5070,0.539
5071,0.822
5072,0.484
5073,0.697
5074,0.241
5075,0.378
5076,0.774
5077,0.541
5078,0.64
5079,0.659
5080,0.916
5081,0.454
5082,0.454
5083,0.823
5084,0.495
5085,0.847
5086,0.456
5087,0.389
5088,0.73
5089,0.612
5090,0.678
5091,0.706
5092,0.729
5093,0.492
5094,0.669
5095,0.761
5096,0.551
5097,0.528
5098,0.495
5099,0.708
5100,0.372
5101,0.88
5102,0.599
5103,0.651
5104,0.618
5105,0.775
5106,0.384
5107,0.484
5108,0.613
5109,0.531
5110,0.852
5111,0.778
5112,0.352
5113,0.758
5114,0.791
5115,0.708
5116,0.779
5117,0.51
5118,0.886
5119,0.515
5120,0.474
5121,0.787
5122,0.525
5123,0.596
5124,0.669
5125,0.677
5126,0.585
5127,0.687
5128,0.395
5129,0.884
5130,0.848
5131,0.426
5132,0.621
5133,0.836
5134,0.446
5135,0.689
5136,0.539
5137,0.742
5138,0.598
5139,0.812
5140,0.498
5141,0.369
5142,0.547
5143,0.778
5144,0.178
5145,0.29
5146,0.414
5147,0.767
5148,0.326
5149,0.522
5150,0.501
5151,0.676
5152,0.587
5153,0.467
5154,0.435
5155,0.707
5156,0.437
5157,0.444
5158,0.451
5159,0.76
5160,0.834
5161,0.557
5162,0.779
5163,0.541
5164,0.924
5165,0.554
5166,0.66
5167,0.61
5168,0.425
5169,0.603
5170,0.716
5171,0.741
5172,0.242
5173,0.622
5174,0.526
5175,0.718
5176,0.643
5177,0.751
5178,0.639
5179,0.752
5180,0.349
5181,0.212
5182,0.559
5183,0.791
5184,0.374
5185,0.773
5186,0.539
5187,0.461
5188,0.87
5189,0.791
5190,0.707
5191,0.744
5192,0.624
5193,0.864
5194,0.75
5195,0.408
5196,0.409
5197,0.903
5198,0.633
5199,0.707
5200,0.738
5201,0.837
5202,0.461
5203,0.424
5204,0.446
5205,0.46
5206,0.559
5207,0.563
5208,0.724
5209,0.569
5210,0.652
5211,0.479
5212,0.796
5213,0.284
5214,0.483
5215,0.906
5216,0.337
5217,0.651
5218,0.463
5219,0.697
5220,0.882
5221,0.446
5222,0.591
5223,0.499
5224,0.837
5225,0.655
5226,0.758
5227,0.577
5228,0.301
5229,0.602
5230,0.669
5231,0.455
5232,0.624
5233,0.847
5234,0.441
5235,0.65
5236,0.619
5237,0.799
5238,0.552
5239,0.47
5240,0.598
5241,0.582
5242,0.544
5243,0.486
5244,0.714
5245,0.833
5246,0.577
5247,0.618
5248,0.202
5249,0.579
5250,0.535
5251,0.709
5252,0.543
5253,0.503
5254,0.615
5255,0.811
5256,0.694
5257,0.752
5258,0.792
5259,0.886
5260,0.817
5261,0.673
5262,0.852
5263,0.627
5264,0.463
5265,0.567
5266,0.547
5267,0.838
5268,0.785
5269,0.599
5270,0.605
5271,0.719
5272,0.395
5273,0.577
5274,0.456
5275,0.32
5276,0.559
5277,0.481
5278,0.812
5279,0.67
5280,0.688
5281,0.531
5282,0.719
5283,0.358
5284,0.638
5285,0.683
5286,0.521
5287,0.698
5288,0.695
5289,0.674
5290,0.611
5291,0.608
5292,0.42
5293,0.673
5294,0.855
5295,0.731
5296,0.663
5297,0.632
5298,0.918
5299,0.663
5300,0.569
5301,0.852
5302,0.579
5303,0.222
5304,0.563
5305,0.62
5306,0.401
5307,0.354
5308,0.689
5309,0.454
5310,0.62
5311,0.43
5312,0.613
5313,0.666
5314,0.863
5315,0.236
5316,0.707
5317,0.666
5318,0.643
5319,0.905
5320,0.596
5321,0.718
5322,0.669
5323,0.542
5324,0.518
5325,0.667
5326,0.274
5327,0.498
5328,0.57
5329,0.444
5330,0.567
5331,0.794
5332,0.396
5333,0.875
5334,0.61
5335,0.709
5336,0.528
5337,0.334
5338,0.548
5339,0.338
5340,0.825
5341,0.535
5342,0.675
5343,0.667
5344,0.77
5345,0.468
5346,0.462
5347,0.641
5348,0.559
5349,0.54
5350,0.529
5351,0.298
5352,0.366
5353,0.719
5354,0.688
5355,0.504
5356,0.623
5357,0.803
5358,0.514
5359,0.774
5360,0.618
5361,0.764
5362,0.623
5363,0.698
5364,0.687
5365,0.718
5366,0.615
5367,0.684
5368,0.514
5369,0.685
5370,0.682
5371,0.796
5372,0.625
5373,0.443
5374,0.714
5375,0.733
5376,0.701
5377,0.445
5378,0.543
5379,0.437
5380,0.529
5381,0.614
5382,0.784
5383,0.528
5384,0.482
5385,0.456
5386,0.519
5387,0.535
5388,0.681
5389,0.217
5390,0.435
5391,0.638
5392,0.455
5393,0.777
5394,0.505
5395,0.531
5396,0.744
5397,0.444
5398,0.416
5399,0.702
5400,0.56
5401,0.753
5402,0.496
5403,0.489
5404,0.468
5405,0.584
5406,0.33
5407,0.661
5408,0.398
5409,0.591
5410,0.777
5411,0.726
5412,0.589
5413,0.452
5414,0.428
5415,0.746
5416,0.451
5417,0.578
5418,0.547
5419,0.534
5420,0.723
5421,0.432
5422,0.818
5423,0.85
5424,0.561
5425,0.344
5426,0.629
5427,0.38
5428,0.781
5429,0.506
5430,0.653
5431,0.479
5432,0.82
5433,0.294
5434,0.822
5435,0.675
5436,0.711
5437,0.518
5438,0.707
5439,0.767
5440,0.638
5441,0.644
5442,0.557
5443,0.602
5444,0.68
5445,0.369
5446,0.58
5447,0.572
5448,0.545
5449,0.453
5450,0.822
5451,0.743
5452,0.621
5453,0.822
5454,0.742
5455,0.534
5456,0.561
5457,0.806
5458,0.767
5459,0.824
5460,0.648
5461,0.863
5462,0.562
5463,0.814
5464,0.493
5465,0.507
5466,0.579
5467,0.572
5468,0.824
5469,0.835
5470,0.527
5471,0.348
5472,0.763
5473,0.59
5474,0.597
5475,0.674
5476,0.641
5477,0.385
5478,0.875
5479,0.66
5480,0.578
5481,0.564
5482,0.794
5483,0.49
5484,0.439
5485,0.731
5486,0.607
5487,0.38
5488,0.741
5489,0.684
5490,0.49
5491,0.857
5492,0.739
5493,0.844
5494,0.631
5495,0.624
5496,0.849
5497,0.461
5498,0.799
5499,0.495
5500,0.494
5501,0.459
5502,0.492
5503,0.562
5504,0.671
5505,0.639
5506,0.461
5507,0.326
5508,0.549
5509,0.579
5510,0.496
5511,0.618
5512,0.833
5513,0.607
5514,0.651
5515,0.686
5516,0.858
5517,0.505
5518,0.707
5519,0.502
5520,0.702
5521,0.59
5522,0.81
5523,0.533
5524,0.736
5525,0.829
5526,0.841
5527,0.638
5528,0.354
5529,0.623
5530,0.524
5531,0.853
5532,0.479
5533,0.772
5534,0.788
5535,0.163
5536,0.665
5537,0.28
5538,0.713
5539,0.728
5540,0.433
5541,0.436
5542,0.723
5543,0.447
5544,0.452
5545,0.633
5546,0.463
5547,0.566
5548,0.729
5549,0.506
5550,0.607
5551,0.698
5552,0.766
5553,0.679
5554,0.606
5555,0.593
5556,0.626
5557,0.476
5558,0.763
5559,0.565
5560,0.507
5561,0.225
5562,0.542
5563,0.749
5564,0.556
5565,0.618
5566,0.906
5567,0.455
5568,0.731
5569,0.554
5570,0.638
5571,0.698
5572,0.586
5573,0.313
5574,0.46
5575,0.712
5576,0.438
5577,0.424
5578,0.49
5579,0.654
5580,0.643
5581,0.866
5582,0.61
5583,0.476
5584,0.587
5585,0.717
5586,0.741
5587,0.577
5588,0.645
5589,0.804
5590,0.646
5591,0.49
5592,0.792
5593,0.471
5594,0.46
5595,0.559
5596,0.415
5597,0.611
5598,0.251
5599,0.627
5600,0.676
5601,0.731
5602,0.446
5603,0.457
5604,0.361
5605,0.516
5606,0.54
5607,0.805
5608,0.623
5609,0.547
5610,0.334
5611,0.509
5612,0.622
5613,0.701
5614,0.44
5615,0.915
5616,0.358
5617,0.47
5618,0.453
5619,0.652
5620,0.511
5621,0.641
5622,0.84
5623,0.231
5624,0.539
5625,0.74
5626,0.65
5627,0.608
5628,0.765
5629,0.629
5630,0.241
5631,0.679
5632,0.651
5633,0.437
5634,0.718
5635,0.65
5636,0.904
5637,0.436
5638,0.755
5639,0.751
5640,0.684
5641,0.378
5642,0.588
5643,0.368
5644,0.697
5645,0.642
5646,0.504
5647,0.736
5648,0.437
5649,0.598
5650,0.266
5651,0.612
5652,0.912
5653,0.57
5654,0.507
5655,0.412
5656,0.503
5657,0.728
5658,0.581
5659,0.408
5660,0.719
5661,0.639
5662,0.567
5663,0.615
5664,0.64
5665,0.479
5666,0.593
5667,0.59
5668,0.549
5669,0.502
5670,0.387
5671,0.51
5672,0.57
5673,0.704
5674,0.41
5675,0.535
5676,0.549
5677,0.415
5678,0.473
5679,0.563
5680,0.81
5681,0.811
5682,0.755
5683,0.563
5684,0.407
5685,0.45
5686,0.796
5687,0.792
5688,0.514
5689,0.518
5690,0.471
5691,0.748
5692,0.467
5693,0.751
5694,0.728
5695,0.368
5696,0.508
5697,0.563
5698,0.609
5699,0.59
5700,0.36
5701,0.79
5702,0.298
5703,0.569
5704,0.547
5705,0.582
5706,0.332
5707,0.704
5708,0.882
5709,0.595
5710,0.689
5711,0.664
5712,0.886
5713,0.426
5714,0.715
5715,0.462
5716,0.673
5717,0.7
5718,0.833
5719,0.701
5720,0.823
5721,0.711
5722,0.836
5723,0.59
5724,0.614
5725,0.369
5726,0.89
5727,0.544
5728,0.333
5729,0.719
5730,0.494
5731,0.739
5732,0.758
5733,0.74
5734,0.729
5735,0.58
5736,0.293
5737,0.678
5738,0.594
5739,0.504
5740,0.682
5741,0.773
5742,0.699
5743,0.752
5744,0.834
5745,0.429
5746,0.641
5747,0.632
5748,0.196
5749,0.513
5750,0.843
5751,0.309
5752,0.513
5753,0.653
5754,0.444
5755,0.45
5756,0.614
5757,0.393
5758,0.173
5759,0.684
5760,0.745
5761,0.741
5762,0.751
5763,0.561
5764,0.668
5765,0.911
5766,0.874
5767,0.604
5768,0.198
5769,0.686
5770,0.587
5771,0.605
5772,0.531
5773,0.626
5774,0.617
5775,0.682
5776,0.395
5777,0.56
5778,0.481
5779,0.719
5780,0.516
5781,0.733
5782,0.534
5783,0.486
5784,0.493
5785,0.882
5786,0.581
5787,0.28
5788,0.344
5789,0.696
5790,0.7
5791,0.644
5792,0.902
5793,0.543
5794,0.795
5795,0.424
5796,0.666
5797,0.559
5798,0.556
5799,0.387
5800,0.663
5801,0.831
5802,0.214
5803,0.715
5804,0.467
5805,0.436
5806,0.291
5807,0.915
5808,0.458
5809,0.687
5810,0.366
5811,0.428
5812,0.686
5813,0.692
5814,0.795
5815,0.799
5816,0.519
5817,0.411
5818,0.241
5819,0.896
5820,0.255
5821,0.875
5822,0.653
5823,0.513
5824,0.599
5825,0.631
5826,0.722
5827,0.583
5828,0.593
5829,0.783
5830,0.584
5831,0.386
5832,0.64
5833,0.35
5834,0.728
5835,0.664
5836,0.82
5837,0.349
5838,0.439
5839,0.34
5840,0.545
5841,0.675
5842,0.456
5843,0.479
5844,0.895
5845,0.56
5846,0.754
5847,0.848
5848,0.908
5849,0.612
5850,0.782
5851,0.704
5852,0.459
5853,0.3
5854,0.409
5855,0.808
5856,0.622
5857,0.836
5858,0.659
5859,0.447
5860,0.69
5861,0.554
5862,0.576
5863,0.566
5864,0.52
5865,0.331
5866,0.418
5867,0.629
5868,0.723
5869,0.524
5870,0.849
5871,0.633
5872,0.605
5873,0.7
5874,0.357
5875,0.711
5876,0.607
5877,0.755
5878,0.511
5879,0.436
5880,0.535
5881,0.717
5882,0.868
5883,0.446
5884,0.381
5885,0.663
5886,0.387
5887,0.702
5888,0.72
5889,0.682
5890,0.681
5891,0.406
5892,0.45
5893,0.683
5894,0.633
5895,0.526
5896,0.536
5897,0.607
5898,0.513
5899,0.673
5900,0.739
5901,0.504
5902,0.267
5903,0.368
5904,0.499
5905,0.836
5906,0.377
5907,0.481
5908,0.495
5909,0.689
5910,0.606
5911,0.504
5912,0.881
5913,0.579
5914,0.736
5915,0.723
5916,0.753
5917,0.474
5918,0.579
5919,0.87
5920,0.571
5921,0.577
5922,0.644
5923,0.447
5924,0.508
5925,0.634
5926,0.734
5927,0.692
5928,0.608
5929,0.487
5930,0.687
5931,0.572
5932,0.644
5933,0.593
5934,0.657
5935,0.413
5936,0.454
5937,0.764
5938,0.469
5939,0.574
5940,0.518
5941,0.588
5942,0.896
5943,0.563
5944,0.571
5945,0.544
5946,0.404
5947,0.66
5948,0.607
5949,0.684
5950,0.66
5951,0.837
5952,0.691
5953,0.58
5954,0.714
5955,0.574
5956,0.325
5957,0.78
5958,0.371
5959,0.577
5960,0.518
5961,0.82
5962,0.376
5963,0.735
5964,0.793
5965,0.363
5966,0.193
5967,0.478
5968,0.656
5969,0.739
5970,0.434
5971,0.647
5972,0.807
5973,0.856
5974,0.561
5975,0.521
5976,0.526
5977,0.502
5978,0.622
5979,0.574
5980,0.572
5981,0.828
5982,0.63
5983,0.254
5984,0.53
5985,0.646
5986,0.396
5987,0.779
5988,0.58
5989,0.278
5990,0.39
5991,0.678
5992,0.567
5993,0.774
5994,0.598
5995,0.761
5996,0.792
5997,0.201
5998,0.642
5999,0.767
6000,0.598
6001,0.799
6002,0.609
6003,0.843
6004,0.779
6005,0.644
6006,0.733
6007,0.629
6008,0.864
6009,0.678
6010,0.611
6011,0.537
6012,0.692
6013,0.771
6014,0.508
6015,0.872
6016,0.573
6017,0.698
6018,0.73
6019,0.733
6020,0.543
6021,0.568
6022,0.667
6023,0.433
6024,0.542
6025,0.909
6026,0.481
6027,0.482
6028,0.685
6029,0.714
6030,0.491
6031,0.656
6032,0.675
6033,0.503
6034,0.88
6035,0.646
6036,0.654
6037,0.519
6038,0.553
6039,0.657
6040,0.796
6041,0.762
6042,0.702
6043,0.508
6044,0.364
6045,0.52
6046,0.565
6047,0.509
6048,0.537
6049,0.667
6050,0.31
6051,0.683
6052,0.802
6053,0.809
6054,0.483
6055,0.609
6056,0.473
6057,0.7
6058,0.636
6059,0.617
6060,0.326
6061,0.685
6062,0.636
6063,0.638
6064,0.649
6065,0.539
6066,0.714
6067,0.601
6068,0.788
6069,0.543
6070,0.663
6071,0.831
6072,0.628
6073,0.205
6074,0.316
6075,0.539
6076,0.845
6077,0.398
6078,0.713
6079,0.711
6080,0.528
6081,0.697
6082,0.494
6083,0.611
6084,0.683
6085,0.361
6086,0.642
6087,0.717
6088,0.746
6089,0.694
6090,0.577
6091,0.585
6092,0.529
6093,0.565
6094,0.835
6095,0.348
6096,0.499
6097,0.546
6098,0.273
6099,0.803
6100,0.592
6101,0.404
6102,0.779
6103,0.491
6104,0.686
6105,0.367
6106,0.852
6107,0.21
6108,0.746
6109,0.297
6110,0.801
6111,0.696
6112,0.693
6113,0.798
6114,0.547
6115,0.875
6116,0.842
6117,0.64
6118,0.583
6119,0.578
6120,0.655
6121,0.474
6122,0.643
6123,0.781
6124,0.596
6125,0.562
6126,0.688
6127,0.493
6128,0.679
6129,0.553
6130,0.612
6131,0.58
6132,0.609
6133,0.837
6134,0.633
6135,0.601
6136,0.764
6137,0.808
6138,0.57
6139,0.434
6140,0.552
6141,0.462
6142,0.571
6143,0.585
6144,0.797
6145,0.36
6146,0.463
6147,0.35
6148,0.639
6149,0.722
6150,0.489
6151,0.949
6152,0.712
6153,0.558
6154,0.517
6155,0.311
6156,0.575
6157,0.533
6158,0.638
6159,0.534
6160,0.789
6161,0.6
6162,0.889
6163,0.749
6164,0.27
6165,0.497
6166,0.712
6167,0.738
6168,0.428
6169,0.374
6170,0.675
6171,0.19
6172,0.685
6173,0.56
6174,0.531
6175,0.752
6176,0.861
6177,0.611
6178,0.796
6179,0.667
6180,0.695
6181,0.807
6182,0.565
6183,0.625
6184,0.607
