id,probability,home_team_win
0,0.5594216,TRUE
1,0.5982569,TRUE
2,0.64877975,TRUE
3,0.3975539,FALSE
4,0.49173924,FALSE
5,0.5345433,TRUE
6,0.522392,TRUE
7,0.53066725,TRUE
8,0.45915988,FALSE
9,0.49390113,FALSE
10,0.6063112,TRUE
11,0.5619269,TRUE
12,0.5507865,TRUE
13,0.5077875,TRUE
14,0.51083976,TRUE
15,0.53574985,TRUE
16,0.4432959,FALSE
17,0.3929687,FALSE
18,0.6046849,TRUE
19,0.57764125,TRUE
20,0.4505828,FALSE
21,0.4718867,FALSE
22,0.5387048,TRUE
23,0.51236135,TRUE
24,0.60983497,TRUE
25,0.4734612,FALSE
26,0.46806347,FALSE
27,0.53635925,TRUE
28,0.4558283,FALSE
29,0.49300793,FALSE
30,0.5739448,TRUE
31,0.60316294,TRUE
32,0.5662798,TRUE
33,0.52788293,TRUE
34,0.57918197,TRUE
35,0.39958182,FALSE
36,0.52583367,TRUE
37,0.62980896,TRUE
38,0.5804212,TRUE
39,0.5471259,TRUE
40,0.5214631,TRUE
41,0.49187347,FALSE
42,0.5351663,TRUE
43,0.5820782,TRUE
44,0.46758786,FALSE
45,0.4565947,FALSE
46,0.61580455,TRUE
47,0.53098506,TRUE
48,0.5592669,TRUE
49,0.5970381,TRUE
50,0.44221154,FALSE
51,0.53310114,TRUE
52,0.57379556,TRUE
53,0.47712025,FALSE
54,0.6133443,TRUE
55,0.41810295,FALSE
56,0.42784292,FALSE
57,0.48610684,FALSE
58,0.5205096,TRUE
59,0.44412762,FALSE
60,0.44445026,FALSE
61,0.51417935,TRUE
62,0.4994212,FALSE
63,0.5171146,TRUE
64,0.59779394,TRUE
65,0.56443346,TRUE
66,0.4382645,FALSE
67,0.44284838,FALSE
68,0.60222435,TRUE
69,0.54004216,TRUE
70,0.4193633,FALSE
71,0.5506322,TRUE
72,0.49836627,FALSE
73,0.6457311,TRUE
74,0.5056181,TRUE
75,0.49977493,FALSE
76,0.60212505,TRUE
77,0.51256657,TRUE
78,0.49961805,FALSE
79,0.645483,TRUE
80,0.61014026,TRUE
81,0.49363342,FALSE
82,0.55829304,TRUE
83,0.56025094,TRUE
84,0.46347585,FALSE
85,0.5027735,TRUE
86,0.4360774,FALSE
87,0.42550758,FALSE
88,0.5312997,TRUE
89,0.5193499,TRUE
90,0.6085434,TRUE
91,0.590054,TRUE
92,0.52487206,TRUE
93,0.66526103,TRUE
94,0.5210272,TRUE
95,0.5325526,TRUE
96,0.53150207,TRUE
97,0.5454469,TRUE
98,0.47633293,FALSE
99,0.62398684,TRUE
100,0.62794435,TRUE
101,0.54949075,TRUE
102,0.48602247,FALSE
103,0.48104388,FALSE
104,0.567035,TRUE
105,0.46312279,FALSE
106,0.5224156,TRUE
107,0.5653145,TRUE
108,0.54012096,TRUE
109,0.51124007,TRUE
110,0.41735664,FALSE
111,0.4878825,FALSE
112,0.51539075,TRUE
113,0.55186737,TRUE
114,0.49673268,FALSE
115,0.49057314,FALSE
116,0.5803992,TRUE
117,0.43169102,FALSE
118,0.6581553,TRUE
119,0.6035273,TRUE
120,0.5074314,TRUE
121,0.5485044,TRUE
122,0.43068004,FALSE
123,0.5949809,TRUE
124,0.49607873,FALSE
125,0.50508505,TRUE
126,0.58692026,TRUE
127,0.487188,FALSE
128,0.5741224,TRUE
129,0.506938,TRUE
130,0.5152702,TRUE
131,0.5423304,TRUE
132,0.4647751,FALSE
133,0.52137804,TRUE
134,0.5466395,TRUE
135,0.42548215,FALSE
136,0.5174527,TRUE
137,0.56243557,TRUE
138,0.5426686,TRUE
139,0.47460422,FALSE
140,0.57135695,TRUE
141,0.515008,TRUE
142,0.5078169,TRUE
143,0.51338965,TRUE
144,0.4969893,FALSE
145,0.4507006,FALSE
146,0.43234387,FALSE
147,0.5663397,TRUE
148,0.52523446,TRUE
149,0.5528066,TRUE
150,0.6071735,TRUE
151,0.42182153,FALSE
152,0.49841055,FALSE
153,0.5588926,TRUE
154,0.4798417,FALSE
155,0.5683802,TRUE
156,0.5830229,TRUE
157,0.52678096,TRUE
158,0.43362975,FALSE
159,0.55590403,TRUE
160,0.44488284,FALSE
161,0.5320499,TRUE
162,0.50359195,TRUE
163,0.52797925,TRUE
164,0.51442045,TRUE
165,0.48783427,FALSE
166,0.5990043,TRUE
167,0.5109349,TRUE
168,0.54930747,TRUE
169,0.58496094,TRUE
170,0.47480527,FALSE
171,0.51589906,TRUE
172,0.50811636,TRUE
173,0.5482519,TRUE
174,0.55516696,TRUE
175,0.56461895,TRUE
176,0.543089,TRUE
177,0.51877266,TRUE
178,0.48763558,FALSE
179,0.55427647,TRUE
180,0.4886563,FALSE
181,0.5204532,TRUE
182,0.51065874,TRUE
183,0.55763924,TRUE
184,0.49806336,FALSE
185,0.57226217,TRUE
186,0.40710098,FALSE
187,0.5774945,TRUE
188,0.6063188,TRUE
189,0.5750336,TRUE
190,0.4294539,FALSE
191,0.56225866,TRUE
192,0.5263391,TRUE
193,0.52548337,TRUE
194,0.45876768,FALSE
195,0.48205945,FALSE
196,0.50461227,TRUE
197,0.46660686,FALSE
198,0.56228197,TRUE
199,0.49266648,FALSE
200,0.5670911,TRUE
201,0.5472809,TRUE
202,0.54163176,TRUE
203,0.57986134,TRUE
204,0.4909872,FALSE
205,0.52257,TRUE
206,0.43828103,FALSE
207,0.56176054,TRUE
208,0.5533005,TRUE
209,0.4643637,FALSE
210,0.6264808,TRUE
211,0.52252877,TRUE
212,0.5183361,TRUE
213,0.56055164,TRUE
214,0.5562247,TRUE
215,0.46013367,FALSE
216,0.4939541,FALSE
217,0.40771893,FALSE
218,0.49799275,FALSE
219,0.5088269,TRUE
220,0.5627163,TRUE
221,0.43253526,FALSE
222,0.55231786,TRUE
223,0.48757073,FALSE
224,0.5005459,TRUE
225,0.51806355,TRUE
226,0.47807637,FALSE
227,0.5384666,TRUE
228,0.5144144,TRUE
229,0.4384287,FALSE
230,0.44349897,FALSE
231,0.4934126,FALSE
232,0.4877549,FALSE
233,0.39474368,FALSE
234,0.56275916,TRUE
235,0.5057391,TRUE
236,0.51466024,TRUE
237,0.5518068,TRUE
238,0.5469636,TRUE
239,0.45380852,FALSE
240,0.58754396,TRUE
241,0.42269433,FALSE
242,0.4828376,FALSE
243,0.57013446,TRUE
244,0.4711819,FALSE
245,0.50863504,TRUE
246,0.6018457,TRUE
247,0.49106756,FALSE
248,0.54465294,TRUE
249,0.57578814,TRUE
250,0.58147895,TRUE
251,0.60068667,TRUE
252,0.51099616,TRUE
253,0.57533526,TRUE
254,0.5123554,TRUE
255,0.5459393,TRUE
256,0.56383216,TRUE
257,0.5843345,TRUE
258,0.59563744,TRUE
259,0.50530326,TRUE
260,0.49887154,FALSE
261,0.49111816,FALSE
262,0.53389406,TRUE
263,0.52931964,TRUE
264,0.42549637,FALSE
265,0.5407772,TRUE
266,0.46857256,FALSE
267,0.5113455,TRUE
268,0.48822972,FALSE
269,0.49748015,FALSE
270,0.41666934,FALSE
271,0.5156828,TRUE
272,0.49832976,FALSE
273,0.5633327,TRUE
274,0.54856014,TRUE
275,0.5499354,TRUE
276,0.48119247,FALSE
277,0.5739533,TRUE
278,0.5943878,TRUE
279,0.4797778,FALSE
280,0.48997673,FALSE
281,0.49495396,FALSE
282,0.5273012,TRUE
283,0.62086195,TRUE
284,0.47413793,FALSE
285,0.53590053,TRUE
286,0.59166765,TRUE
287,0.5992088,TRUE
288,0.61704594,TRUE
289,0.5944383,TRUE
290,0.58700615,TRUE
291,0.4430214,FALSE
292,0.51233166,TRUE
293,0.55076206,TRUE
294,0.53585285,TRUE
295,0.48152375,FALSE
296,0.57160336,TRUE
297,0.47463366,FALSE
298,0.5460885,TRUE
299,0.6105472,TRUE
300,0.4967472,FALSE
301,0.53964174,TRUE
302,0.50452876,TRUE
303,0.4395931,FALSE
304,0.52838445,TRUE
305,0.5800525,TRUE
306,0.4291985,FALSE
307,0.5729233,TRUE
308,0.4657621,FALSE
309,0.5121018,TRUE
310,0.50581485,TRUE
311,0.5652972,TRUE
312,0.5848662,TRUE
313,0.5033785,TRUE
314,0.5296217,TRUE
315,0.51290566,TRUE
316,0.5773746,TRUE
317,0.46080872,FALSE
318,0.5863795,TRUE
319,0.5017614,TRUE
320,0.50088006,TRUE
321,0.5626956,TRUE
322,0.5229551,TRUE
323,0.45291033,FALSE
324,0.63442314,TRUE
325,0.53947496,TRUE
326,0.5421422,TRUE
327,0.55686337,TRUE
328,0.58341163,TRUE
329,0.50871205,TRUE
330,0.5144991,TRUE
331,0.426492,FALSE
332,0.40076333,FALSE
333,0.5012262,TRUE
334,0.4873336,FALSE
335,0.48239484,FALSE
336,0.5163984,TRUE
337,0.4456261,FALSE
338,0.44916385,FALSE
339,0.48133194,FALSE
340,0.5101584,TRUE
341,0.54979885,TRUE
342,0.45816797,FALSE
343,0.48756674,FALSE
344,0.5483986,TRUE
345,0.52543366,TRUE
346,0.49559394,FALSE
347,0.48627302,FALSE
348,0.48838735,FALSE
349,0.5258519,TRUE
350,0.54418147,TRUE
351,0.50778997,TRUE
352,0.5255542,TRUE
353,0.48561913,FALSE
354,0.55718285,TRUE
355,0.46998248,FALSE
356,0.5785443,TRUE
357,0.5018228,TRUE
358,0.53402096,TRUE
359,0.49909362,FALSE
360,0.5622223,TRUE
361,0.5701912,TRUE
362,0.63969964,TRUE
363,0.5283378,TRUE
364,0.55455816,TRUE
365,0.5815301,TRUE
366,0.5248557,TRUE
367,0.56196725,TRUE
368,0.4961138,FALSE
369,0.4993171,FALSE
370,0.62876886,TRUE
371,0.5819083,TRUE
372,0.40751755,FALSE
373,0.46336076,FALSE
374,0.53963643,TRUE
375,0.5563654,TRUE
376,0.5197465,TRUE
377,0.6190657,TRUE
378,0.50870484,TRUE
379,0.5989379,TRUE
380,0.58792764,TRUE
381,0.44327894,FALSE
382,0.5659533,TRUE
383,0.52439404,TRUE
384,0.5326725,TRUE
385,0.5916618,TRUE
386,0.6149231,TRUE
387,0.55751985,TRUE
388,0.56152487,TRUE
389,0.4950958,FALSE
390,0.54097015,TRUE
391,0.5157594,TRUE
392,0.5601245,TRUE
393,0.59532315,TRUE
394,0.5673418,TRUE
395,0.5010911,TRUE
396,0.5058272,TRUE
397,0.5365525,TRUE
398,0.53608614,TRUE
399,0.51236945,TRUE
400,0.4547308,FALSE
401,0.50241244,TRUE
402,0.5542823,TRUE
403,0.5475651,TRUE
404,0.5458988,TRUE
405,0.43797645,FALSE
406,0.39607546,FALSE
407,0.54878944,TRUE
408,0.40524825,FALSE
409,0.45122856,FALSE
410,0.5155153,TRUE
411,0.4978645,FALSE
412,0.39894825,FALSE
413,0.5169783,TRUE
414,0.50390494,TRUE
415,0.64827937,TRUE
416,0.49358046,FALSE
417,0.50594836,TRUE
418,0.48388636,FALSE
419,0.51212376,TRUE
420,0.5912832,TRUE
421,0.59443706,TRUE
422,0.59952456,TRUE
423,0.48335272,FALSE
424,0.45696142,FALSE
425,0.4487029,FALSE
426,0.54293483,TRUE
427,0.56151795,TRUE
428,0.55856574,TRUE
429,0.47054192,FALSE
430,0.54967934,TRUE
431,0.4512007,FALSE
432,0.5747672,TRUE
433,0.5630919,TRUE
434,0.54805505,TRUE
435,0.5343114,TRUE
436,0.5916642,TRUE
437,0.56363195,TRUE
438,0.43465313,FALSE
439,0.49943864,FALSE
440,0.55828804,TRUE
441,0.490318,FALSE
442,0.4415672,FALSE
443,0.57853675,TRUE
444,0.5503331,TRUE
445,0.5875635,TRUE
446,0.6162052,TRUE
447,0.46997368,FALSE
448,0.52431554,TRUE
449,0.57349825,TRUE
450,0.5600559,TRUE
451,0.5473124,TRUE
452,0.5471013,TRUE
453,0.63099396,TRUE
454,0.5011111,TRUE
455,0.4947493,FALSE
456,0.6215864,TRUE
457,0.51665205,TRUE
458,0.55446255,TRUE
459,0.59938395,TRUE
460,0.51333666,TRUE
461,0.53874654,TRUE
462,0.6087452,TRUE
463,0.46694577,FALSE
464,0.52184236,TRUE
465,0.5942982,TRUE
466,0.61794215,TRUE
467,0.4620649,FALSE
468,0.5425548,TRUE
469,0.5926349,TRUE
470,0.48915824,FALSE
471,0.5120109,TRUE
472,0.56141794,TRUE
473,0.53534687,TRUE
474,0.4977892,FALSE
475,0.5878486,TRUE
476,0.5194922,TRUE
477,0.4777938,FALSE
478,0.54344505,TRUE
479,0.55273366,TRUE
480,0.5937739,TRUE
481,0.6152786,TRUE
482,0.5330334,TRUE
483,0.49847186,FALSE
484,0.5099016,TRUE
485,0.512949,TRUE
486,0.4368668,FALSE
487,0.52627856,TRUE
488,0.4558922,FALSE
489,0.49884176,FALSE
490,0.51246333,TRUE
491,0.5427372,TRUE
492,0.5302099,TRUE
493,0.5669895,TRUE
494,0.42496982,FALSE
495,0.4705551,FALSE
496,0.62301564,TRUE
497,0.5265555,TRUE
498,0.5150317,TRUE
499,0.47658336,FALSE
500,0.6233474,TRUE
501,0.5230442,TRUE
502,0.45867148,FALSE
503,0.5346536,TRUE
504,0.48725656,FALSE
505,0.5784273,TRUE
506,0.4730615,FALSE
507,0.50543153,TRUE
508,0.65406567,TRUE
509,0.5322456,TRUE
510,0.5468386,TRUE
511,0.5092243,TRUE
512,0.41201735,FALSE
513,0.48473513,FALSE
514,0.48608002,FALSE
515,0.5333885,TRUE
516,0.5515567,TRUE
517,0.42461774,FALSE
518,0.4360287,FALSE
519,0.60395676,TRUE
520,0.45497626,FALSE
521,0.557139,TRUE
522,0.5332789,TRUE
523,0.5645503,TRUE
524,0.43265665,FALSE
525,0.5191071,TRUE
526,0.5900951,TRUE
527,0.55286145,TRUE
528,0.5508093,TRUE
529,0.5989951,TRUE
530,0.6021303,TRUE
531,0.4983876,FALSE
532,0.5267954,TRUE
533,0.54214,TRUE
534,0.5818569,TRUE
535,0.47766,FALSE
536,0.44084263,FALSE
537,0.6135813,TRUE
538,0.49873725,FALSE
539,0.5212385,TRUE
540,0.4667355,FALSE
541,0.5445325,TRUE
542,0.62660116,TRUE
543,0.51721394,TRUE
544,0.6119698,TRUE
545,0.48237726,FALSE
546,0.5297096,TRUE
547,0.5653967,TRUE
548,0.46353954,FALSE
549,0.61168224,TRUE
550,0.5425926,TRUE
551,0.46726292,FALSE
552,0.4740892,FALSE
553,0.44541347,FALSE
554,0.592141,TRUE
555,0.46681905,FALSE
556,0.55578595,TRUE
557,0.65324014,TRUE
558,0.5247277,TRUE
559,0.5717147,TRUE
560,0.5776046,TRUE
561,0.56187826,TRUE
562,0.6239077,TRUE
563,0.46846214,FALSE
564,0.5911859,TRUE
565,0.46689966,FALSE
566,0.38283566,FALSE
567,0.44501662,FALSE
568,0.44210637,FALSE
569,0.5410289,TRUE
570,0.5245098,TRUE
571,0.5018281,TRUE
572,0.46920437,FALSE
573,0.5851387,TRUE
574,0.47558844,FALSE
575,0.5776118,TRUE
576,0.6225085,TRUE
577,0.54226214,TRUE
578,0.55248004,TRUE
579,0.5394436,TRUE
580,0.46273226,FALSE
581,0.45629552,FALSE
582,0.53470236,TRUE
583,0.5583172,TRUE
584,0.4049142,FALSE
585,0.5028311,TRUE
586,0.4828593,FALSE
587,0.54270005,TRUE
588,0.4679327,FALSE
589,0.5838276,TRUE
590,0.54907876,TRUE
591,0.5410002,TRUE
592,0.59675896,TRUE
593,0.55478066,TRUE
594,0.4971226,FALSE
595,0.55646944,TRUE
596,0.44280586,FALSE
597,0.52618515,TRUE
598,0.58722025,TRUE
599,0.6196218,TRUE
600,0.46931112,FALSE
601,0.3788125,FALSE
602,0.43316647,FALSE
603,0.6382487,TRUE
604,0.40967348,FALSE
605,0.55389404,TRUE
606,0.55098164,TRUE
607,0.6172058,TRUE
608,0.5294875,TRUE
609,0.55110556,TRUE
610,0.4627708,FALSE
611,0.5677521,TRUE
612,0.45701283,FALSE
613,0.56921387,TRUE
614,0.54950815,TRUE
615,0.53283924,TRUE
616,0.45577577,FALSE
617,0.4704371,FALSE
618,0.52688384,TRUE
619,0.5339475,TRUE
620,0.51195246,TRUE
621,0.55579704,TRUE
622,0.5675523,TRUE
623,0.53703797,TRUE
624,0.5717917,TRUE
625,0.57368225,TRUE
626,0.5694284,TRUE
627,0.6190086,TRUE
628,0.56036264,TRUE
629,0.5205756,TRUE
630,0.5780155,TRUE
631,0.47655866,FALSE
632,0.4689768,FALSE
633,0.51763916,TRUE
634,0.6311448,TRUE
635,0.4401424,FALSE
636,0.438438,FALSE
637,0.5228597,TRUE
638,0.47478655,FALSE
639,0.50171465,TRUE
640,0.5109022,TRUE
641,0.5702028,TRUE
642,0.5571489,TRUE
643,0.54636467,TRUE
644,0.53683305,TRUE
645,0.47406486,FALSE
646,0.5322445,TRUE
647,0.49630597,FALSE
648,0.4301989,FALSE
649,0.55928683,TRUE
650,0.49473792,FALSE
651,0.53552693,TRUE
652,0.4686334,FALSE
653,0.6157877,TRUE
654,0.5447188,TRUE
655,0.5545524,TRUE
656,0.4559081,FALSE
657,0.5442853,TRUE
658,0.56291234,TRUE
659,0.47743604,FALSE
660,0.4978224,FALSE
661,0.51078457,TRUE
662,0.5069898,TRUE
663,0.49151164,FALSE
664,0.5428749,TRUE
665,0.54745054,TRUE
666,0.5115463,TRUE
667,0.5593798,TRUE
668,0.51769155,TRUE
669,0.57611257,TRUE
670,0.49620286,FALSE
671,0.44551864,FALSE
672,0.47000572,FALSE
673,0.4676536,FALSE
674,0.5644808,TRUE
675,0.53336376,TRUE
676,0.49289975,FALSE
677,0.6162046,TRUE
678,0.54294264,TRUE
679,0.4261934,FALSE
680,0.63009167,TRUE
681,0.5031916,TRUE
682,0.50319666,TRUE
683,0.44010133,FALSE
684,0.49432248,FALSE
685,0.6496073,TRUE
686,0.3890636,FALSE
687,0.51804596,TRUE
688,0.5766169,TRUE
689,0.57363796,TRUE
690,0.48041764,FALSE
691,0.5646393,TRUE
692,0.44232842,FALSE
693,0.4868243,FALSE
694,0.46201363,FALSE
695,0.5549333,TRUE
696,0.5028361,TRUE
697,0.4914349,FALSE
698,0.56160504,TRUE
699,0.5389007,TRUE
700,0.61268854,TRUE
701,0.58163285,TRUE
702,0.56387216,TRUE
703,0.4817773,FALSE
704,0.5728778,TRUE
705,0.45755878,FALSE
706,0.56424403,TRUE
707,0.48925707,FALSE
708,0.57968366,TRUE
709,0.5625729,TRUE
710,0.55203,TRUE
711,0.5849551,TRUE
712,0.53598964,TRUE
713,0.5011993,TRUE
714,0.54927653,TRUE
715,0.49497133,FALSE
716,0.51037097,TRUE
717,0.5231234,TRUE
718,0.537093,TRUE
719,0.52867806,TRUE
720,0.48532516,FALSE
721,0.57419986,TRUE
722,0.49534842,FALSE
723,0.6369758,TRUE
724,0.5720349,TRUE
725,0.4874236,FALSE
726,0.49693778,FALSE
727,0.49694154,FALSE
728,0.47552156,FALSE
729,0.5503016,TRUE
730,0.602862,TRUE
731,0.48367405,FALSE
732,0.41021287,FALSE
733,0.42850336,FALSE
734,0.5578984,TRUE
735,0.5459251,TRUE
736,0.5209583,TRUE
737,0.46461335,FALSE
738,0.48547035,FALSE
739,0.49584523,FALSE
740,0.39092335,FALSE
741,0.46794137,FALSE
742,0.58223516,TRUE
743,0.53419596,TRUE
744,0.5099482,TRUE
745,0.56526124,TRUE
746,0.59115547,TRUE
747,0.535703,TRUE
748,0.46100274,FALSE
749,0.45958704,FALSE
750,0.53594124,TRUE
751,0.42375782,FALSE
752,0.6229058,TRUE
753,0.45688343,FALSE
754,0.53227156,TRUE
755,0.6007621,TRUE
756,0.4791391,FALSE
757,0.46161604,FALSE
758,0.46665353,FALSE
759,0.4316393,FALSE
760,0.4966936,FALSE
761,0.5247204,TRUE
762,0.56180894,TRUE
763,0.5772292,TRUE
764,0.5963764,TRUE
765,0.51368296,TRUE
766,0.5067288,TRUE
767,0.5813887,TRUE
768,0.5620473,TRUE
769,0.5518674,TRUE
770,0.46980664,FALSE
771,0.43093547,FALSE
772,0.6074091,TRUE
773,0.46929145,FALSE
774,0.53477323,TRUE
775,0.49857193,FALSE
776,0.4739579,FALSE
777,0.48574284,FALSE
778,0.49145007,FALSE
779,0.56561714,TRUE
780,0.49418095,FALSE
781,0.47613987,FALSE
782,0.41991407,FALSE
783,0.565419,TRUE
784,0.56622225,TRUE
785,0.56107706,TRUE
786,0.49069676,FALSE
787,0.47510687,FALSE
788,0.46267486,FALSE
789,0.4204924,FALSE
790,0.58789724,TRUE
791,0.58486265,TRUE
792,0.39761892,FALSE
793,0.43295398,FALSE
794,0.5966237,TRUE
795,0.65352947,TRUE
796,0.603075,TRUE
797,0.6095973,TRUE
798,0.5060862,TRUE
799,0.60851204,TRUE
800,0.5553661,TRUE
801,0.5386389,TRUE
802,0.48651004,FALSE
803,0.56145155,TRUE
804,0.40574172,FALSE
805,0.5510042,TRUE
806,0.46796036,FALSE
807,0.5043183,TRUE
808,0.6646784,TRUE
809,0.4839434,FALSE
810,0.4611231,FALSE
811,0.44682902,FALSE
812,0.5600063,TRUE
813,0.63808006,TRUE
814,0.5778573,TRUE
815,0.44976014,FALSE
816,0.50518966,TRUE
817,0.50751364,TRUE
818,0.47011718,FALSE
819,0.5527034,TRUE
820,0.52446115,TRUE
821,0.54465425,TRUE
822,0.6246324,TRUE
823,0.57576513,TRUE
824,0.63554156,TRUE
825,0.4296388,FALSE
826,0.58069986,TRUE
827,0.42493442,FALSE
828,0.4652631,FALSE
829,0.5216101,TRUE
830,0.54502344,TRUE
831,0.5966222,TRUE
832,0.54172564,TRUE
833,0.5361562,TRUE
834,0.5420811,TRUE
835,0.5433577,TRUE
836,0.5295316,TRUE
837,0.42563495,FALSE
838,0.5513552,TRUE
839,0.54700524,TRUE
840,0.5029426,TRUE
841,0.59979737,TRUE
842,0.47140855,FALSE
843,0.40541804,FALSE
844,0.579593,TRUE
845,0.5228395,TRUE
846,0.5733479,TRUE
847,0.618821,TRUE
848,0.5073609,TRUE
849,0.44608006,FALSE
850,0.51864594,TRUE
851,0.59006,TRUE
852,0.50046766,TRUE
853,0.4935301,FALSE
854,0.61793864,TRUE
855,0.53934246,TRUE
856,0.46000695,FALSE
857,0.58168006,TRUE
858,0.4964512,FALSE
859,0.5470642,TRUE
860,0.46874917,FALSE
861,0.5736487,TRUE
862,0.48751462,FALSE
863,0.52603865,TRUE
864,0.54343194,TRUE
865,0.5119103,TRUE
866,0.5360226,TRUE
867,0.5040087,TRUE
868,0.54636073,TRUE
869,0.6408873,TRUE
870,0.52506715,TRUE
871,0.61621016,TRUE
872,0.5191195,TRUE
873,0.45561627,FALSE
874,0.48270223,FALSE
875,0.4841826,FALSE
876,0.46729097,FALSE
877,0.632749,TRUE
878,0.48717788,FALSE
879,0.53353727,TRUE
880,0.57252276,TRUE
881,0.6046625,TRUE
882,0.5484213,TRUE
883,0.48098785,FALSE
884,0.60096425,TRUE
885,0.55290073,TRUE
886,0.40771225,FALSE
887,0.50947833,TRUE
888,0.47442493,FALSE
889,0.4865747,FALSE
890,0.41823682,FALSE
891,0.5146383,TRUE
892,0.5559877,TRUE
893,0.5705085,TRUE
894,0.5194795,TRUE
895,0.5609741,TRUE
896,0.4494804,FALSE
897,0.5291325,TRUE
898,0.5898794,TRUE
899,0.50805104,TRUE
900,0.4690978,FALSE
901,0.45786855,FALSE
902,0.5814025,TRUE
903,0.44985032,FALSE
904,0.49640056,FALSE
905,0.56854504,TRUE
906,0.45253584,FALSE
907,0.51761,TRUE
908,0.5498716,TRUE
909,0.4973131,FALSE
910,0.56629777,TRUE
911,0.48454264,FALSE
912,0.601247,TRUE
913,0.54410976,TRUE
914,0.496097,FALSE
915,0.43735275,FALSE
916,0.47153118,FALSE
917,0.56726587,TRUE
918,0.39580134,FALSE
919,0.5383832,TRUE
920,0.58428,TRUE
921,0.50286704,TRUE
922,0.5727333,TRUE
923,0.5221421,TRUE
924,0.5474405,TRUE
925,0.55916184,TRUE
926,0.56081825,TRUE
927,0.4862782,FALSE
928,0.5889046,TRUE
929,0.55780524,TRUE
930,0.599184,TRUE
931,0.47495657,FALSE
932,0.57467633,TRUE
933,0.5437935,TRUE
934,0.46552292,FALSE
935,0.5047979,TRUE
936,0.54261154,TRUE
937,0.49756378,FALSE
938,0.5007524,TRUE
939,0.39688084,FALSE
940,0.5225804,TRUE
941,0.3979166,FALSE
942,0.45201278,FALSE
943,0.50808287,TRUE
944,0.45011657,FALSE
945,0.42143333,FALSE
946,0.56855553,TRUE
947,0.5399636,TRUE
948,0.6003163,TRUE
949,0.44952747,FALSE
950,0.546205,TRUE
951,0.5130895,TRUE
952,0.4688776,FALSE
953,0.4841716,FALSE
954,0.41870165,FALSE
955,0.47850955,FALSE
956,0.4332487,FALSE
957,0.48660028,FALSE
958,0.64025515,TRUE
959,0.4794284,FALSE
960,0.5083625,TRUE
961,0.53705823,TRUE
962,0.54672956,TRUE
963,0.5976114,TRUE
964,0.5025077,TRUE
965,0.4721906,FALSE
966,0.54263735,TRUE
967,0.53137916,TRUE
968,0.5034382,TRUE
969,0.5376354,TRUE
970,0.50026643,TRUE
971,0.50526094,TRUE
972,0.56535006,TRUE
973,0.47412986,FALSE
974,0.37694857,FALSE
975,0.4449844,FALSE
976,0.41767943,FALSE
977,0.5362303,TRUE
978,0.5301091,TRUE
979,0.44729015,FALSE
980,0.54069346,TRUE
981,0.517347,TRUE
982,0.45248115,FALSE
983,0.60163945,TRUE
984,0.61722356,TRUE
985,0.6146204,TRUE
986,0.4945854,FALSE
987,0.5201604,TRUE
988,0.45108545,FALSE
989,0.48704365,FALSE
990,0.49667057,FALSE
991,0.51555306,TRUE
992,0.52763194,TRUE
993,0.57630855,TRUE
994,0.39602345,FALSE
995,0.50316966,TRUE
996,0.56288594,TRUE
997,0.4572581,FALSE
998,0.53279436,TRUE
999,0.51047236,TRUE
1000,0.48619366,FALSE
1001,0.47417992,FALSE
1002,0.52368903,TRUE
1003,0.4970274,FALSE
1004,0.49843282,FALSE
1005,0.46345213,FALSE
1006,0.4598916,FALSE
1007,0.5094004,TRUE
1008,0.5662686,TRUE
1009,0.618979,TRUE
1010,0.6132364,TRUE
1011,0.40483877,FALSE
1012,0.49607214,FALSE
1013,0.4670726,FALSE
1014,0.54095685,TRUE
1015,0.4560292,FALSE
1016,0.5452983,TRUE
1017,0.5529274,TRUE
1018,0.5323106,TRUE
1019,0.5099969,TRUE
1020,0.586364,TRUE
1021,0.5037259,TRUE
1022,0.62698495,TRUE
1023,0.5272101,TRUE
1024,0.47492787,FALSE
1025,0.5366528,TRUE
1026,0.61530405,TRUE
1027,0.52056515,TRUE
1028,0.51881737,TRUE
1029,0.6431296,TRUE
1030,0.57336515,TRUE
1031,0.5860145,TRUE
1032,0.5340168,TRUE
1033,0.4958592,FALSE
1034,0.52944076,TRUE
1035,0.62076056,TRUE
1036,0.5169668,TRUE
1037,0.5337141,TRUE
1038,0.49383685,FALSE
1039,0.44660908,FALSE
1040,0.5312706,TRUE
1041,0.5280346,TRUE
1042,0.53516024,TRUE
1043,0.52498317,TRUE
1044,0.53387445,TRUE
1045,0.5499751,TRUE
1046,0.50702,TRUE
1047,0.52863824,TRUE
1048,0.5261455,TRUE
1049,0.48615938,FALSE
1050,0.47638902,FALSE
1051,0.6028011,TRUE
1052,0.56227636,TRUE
1053,0.51717687,TRUE
1054,0.61408275,TRUE
1055,0.6204012,TRUE
1056,0.53928816,TRUE
1057,0.5605592,TRUE
1058,0.44376373,FALSE
1059,0.5413151,TRUE
1060,0.61138886,TRUE
1061,0.4629221,FALSE
1062,0.46213356,FALSE
1063,0.4609063,FALSE
1064,0.49243417,FALSE
1065,0.4868142,FALSE
1066,0.45728382,FALSE
1067,0.57647127,TRUE
1068,0.5178325,TRUE
1069,0.48041573,FALSE
1070,0.5525549,TRUE
1071,0.618647,TRUE
1072,0.55330485,TRUE
1073,0.46708065,FALSE
1074,0.44612604,FALSE
1075,0.36040506,FALSE
1076,0.57830477,TRUE
1077,0.4373367,FALSE
1078,0.49572825,FALSE
1079,0.4734076,FALSE
1080,0.5055149,TRUE
1081,0.50423855,TRUE
1082,0.52078176,TRUE
1083,0.503824,TRUE
1084,0.42807528,FALSE
1085,0.43789157,FALSE
1086,0.47577253,FALSE
1087,0.5583847,TRUE
1088,0.4932242,FALSE
1089,0.52279437,TRUE
1090,0.6234027,TRUE
1091,0.50337946,TRUE
1092,0.51410866,TRUE
1093,0.48534504,FALSE
1094,0.49310657,FALSE
1095,0.6034364,TRUE
1096,0.5452537,TRUE
1097,0.4850874,FALSE
1098,0.50562036,TRUE
1099,0.6104944,TRUE
1100,0.5310189,TRUE
1101,0.48158485,FALSE
1102,0.44204307,FALSE
1103,0.62846595,TRUE
1104,0.5229839,TRUE
1105,0.5898405,TRUE
1106,0.5202798,TRUE
1107,0.5566626,TRUE
1108,0.59380054,TRUE
1109,0.6116707,TRUE
1110,0.48081428,FALSE
1111,0.55418503,TRUE
1112,0.571059,TRUE
1113,0.5880751,TRUE
1114,0.5396382,TRUE
1115,0.47744513,FALSE
1116,0.5701658,TRUE
1117,0.49842733,FALSE
1118,0.5152681,TRUE
1119,0.5323255,TRUE
1120,0.6111144,TRUE
1121,0.55860245,TRUE
1122,0.5022619,TRUE
1123,0.54407203,TRUE
1124,0.4955923,FALSE
1125,0.48280028,FALSE
1126,0.61463845,TRUE
1127,0.5485965,TRUE
1128,0.5073332,TRUE
1129,0.47231856,FALSE
1130,0.4783906,FALSE
1131,0.42883232,FALSE
1132,0.47053885,FALSE
1133,0.5909107,TRUE
1134,0.55975693,TRUE
1135,0.47639948,FALSE
1136,0.51890934,TRUE
1137,0.54662436,TRUE
1138,0.46345147,FALSE
1139,0.5986614,TRUE
1140,0.5435145,TRUE
1141,0.5515414,TRUE
1142,0.59226274,TRUE
1143,0.4746264,FALSE
1144,0.6516848,TRUE
1145,0.58053523,TRUE
1146,0.5406976,TRUE
1147,0.46053964,FALSE
1148,0.41969508,FALSE
1149,0.44805235,FALSE
1150,0.58224237,TRUE
1151,0.5579498,TRUE
1152,0.5588256,TRUE
1153,0.56060845,TRUE
1154,0.6361644,TRUE
1155,0.63098305,TRUE
1156,0.5831982,TRUE
1157,0.4870405,FALSE
1158,0.5977181,TRUE
1159,0.5643722,TRUE
1160,0.5430284,TRUE
1161,0.51446766,TRUE
1162,0.48034418,FALSE
1163,0.5385769,TRUE
1164,0.4841375,FALSE
1165,0.50769466,TRUE
1166,0.6141055,TRUE
1167,0.55847174,TRUE
1168,0.512802,TRUE
1169,0.61794335,TRUE
1170,0.5123867,TRUE
1171,0.4664977,FALSE
1172,0.5265755,TRUE
1173,0.49944922,FALSE
1174,0.49866655,FALSE
1175,0.5231444,TRUE
1176,0.46937507,FALSE
1177,0.59351397,TRUE
1178,0.6093241,TRUE
1179,0.5023287,TRUE
1180,0.451689,FALSE
1181,0.52130175,TRUE
1182,0.5422573,TRUE
1183,0.4970986,FALSE
1184,0.47409233,FALSE
1185,0.50125915,TRUE
1186,0.49349394,FALSE
1187,0.44887754,FALSE
1188,0.5243311,TRUE
1189,0.4552324,FALSE
1190,0.53087014,TRUE
1191,0.49078318,FALSE
1192,0.5192955,TRUE
1193,0.5216446,TRUE
1194,0.53090817,TRUE
1195,0.49811575,FALSE
1196,0.5950014,TRUE
1197,0.5760459,TRUE
1198,0.5609425,TRUE
1199,0.4703012,FALSE
1200,0.5982627,TRUE
1201,0.6244464,TRUE
1202,0.46210086,FALSE
1203,0.44804907,FALSE
1204,0.42033786,FALSE
1205,0.55182624,TRUE
1206,0.40727454,FALSE
1207,0.541349,TRUE
1208,0.593316,TRUE
1209,0.5690111,TRUE
1210,0.5864495,TRUE
1211,0.5872305,TRUE
1212,0.48067528,FALSE
1213,0.5028345,TRUE
1214,0.4507087,FALSE
1215,0.58726525,TRUE
1216,0.44089195,FALSE
1217,0.5150293,TRUE
1218,0.50093764,TRUE
1219,0.43327987,FALSE
1220,0.4740101,FALSE
1221,0.44557405,FALSE
1222,0.51641953,TRUE
1223,0.6105848,TRUE
1224,0.50689787,TRUE
1225,0.56450695,TRUE
1226,0.5128937,TRUE
1227,0.57834876,TRUE
1228,0.531833,TRUE
1229,0.6362145,TRUE
1230,0.5340273,TRUE
1231,0.5094975,TRUE
1232,0.58497244,TRUE
1233,0.52948475,TRUE
1234,0.5269708,TRUE
1235,0.55184275,TRUE
1236,0.53932375,TRUE
1237,0.5473399,TRUE
1238,0.5960111,TRUE
1239,0.5838411,TRUE
1240,0.38030478,FALSE
1241,0.61135983,TRUE
1242,0.55438256,TRUE
1243,0.5212998,TRUE
1244,0.41504055,FALSE
1245,0.43759203,FALSE
1246,0.5347798,TRUE
1247,0.514662,TRUE
1248,0.5680304,TRUE
1249,0.6135028,TRUE
1250,0.5752383,TRUE
1251,0.63319594,TRUE
1252,0.49152148,FALSE
1253,0.5935941,TRUE
1254,0.48088938,FALSE
1255,0.61648995,TRUE
1256,0.49806246,FALSE
1257,0.60257727,TRUE
1258,0.5590453,TRUE
1259,0.5377523,TRUE
1260,0.4560913,FALSE
1261,0.5544366,TRUE
1262,0.4411488,FALSE
1263,0.5346045,TRUE
1264,0.59058374,TRUE
1265,0.5294476,TRUE
1266,0.5209676,TRUE
1267,0.54887885,TRUE
1268,0.4982439,FALSE
1269,0.5531342,TRUE
1270,0.46688858,FALSE
1271,0.5372368,TRUE
1272,0.5490318,TRUE
1273,0.5208856,TRUE
1274,0.50987464,TRUE
1275,0.5796522,TRUE
1276,0.53154045,TRUE
1277,0.51844734,TRUE
1278,0.57148564,TRUE
1279,0.4986764,FALSE
1280,0.47257307,FALSE
1281,0.6107002,TRUE
1282,0.55434424,TRUE
1283,0.46787825,FALSE
1284,0.556147,TRUE
1285,0.58770037,TRUE
1286,0.5447826,TRUE
1287,0.54398793,TRUE
1288,0.50262487,TRUE
1289,0.5435641,TRUE
1290,0.57655233,TRUE
1291,0.66628045,TRUE
1292,0.52292484,TRUE
1293,0.5720714,TRUE
1294,0.5782879,TRUE
1295,0.47925565,FALSE
1296,0.5266185,TRUE
1297,0.4548191,FALSE
1298,0.5791153,TRUE
1299,0.53866273,TRUE
1300,0.5885246,TRUE
1301,0.5870865,TRUE
1302,0.49367052,FALSE
1303,0.4810606,FALSE
1304,0.45485917,FALSE
1305,0.5399321,TRUE
1306,0.50378513,TRUE
1307,0.5583412,TRUE
1308,0.48115045,FALSE
1309,0.50956315,TRUE
1310,0.6292541,TRUE
1311,0.48591197,FALSE
1312,0.47301528,FALSE
1313,0.5520443,TRUE
1314,0.57616675,TRUE
1315,0.43056828,FALSE
1316,0.4947672,FALSE
1317,0.53138655,TRUE
1318,0.5779578,TRUE
1319,0.5217778,TRUE
1320,0.60986596,TRUE
1321,0.519252,TRUE
1322,0.50625896,TRUE
1323,0.4726443,FALSE
1324,0.49478486,FALSE
1325,0.561683,TRUE
1326,0.5280382,TRUE
1327,0.5651064,TRUE
1328,0.52438366,TRUE
1329,0.5223051,TRUE
1330,0.56482345,TRUE
1331,0.54521847,TRUE
1332,0.48281124,FALSE
1333,0.6004122,TRUE
1334,0.4849574,FALSE
1335,0.4717663,FALSE
1336,0.56432617,TRUE
1337,0.4819404,FALSE
1338,0.37792635,FALSE
1339,0.5139335,TRUE
1340,0.51548564,TRUE
1341,0.50372785,TRUE
1342,0.5366637,TRUE
1343,0.452787,FALSE
1344,0.5818065,TRUE
1345,0.56619036,TRUE
1346,0.6145486,TRUE
1347,0.5144174,TRUE
1348,0.43090692,FALSE
1349,0.6201138,TRUE
1350,0.5732473,TRUE
1351,0.5779293,TRUE
1352,0.59665006,TRUE
1353,0.3749735,FALSE
1354,0.56609166,TRUE
1355,0.5581898,TRUE
1356,0.5516107,TRUE
1357,0.4942518,FALSE
1358,0.4905108,FALSE
1359,0.5597476,TRUE
1360,0.5311326,TRUE
1361,0.57676804,TRUE
1362,0.5668848,TRUE
1363,0.6287116,TRUE
1364,0.44603848,FALSE
1365,0.4350726,FALSE
1366,0.5230992,TRUE
1367,0.51916194,TRUE
1368,0.5589243,TRUE
1369,0.5171554,TRUE
1370,0.4023221,FALSE
1371,0.40988883,FALSE
1372,0.561293,TRUE
1373,0.53684133,TRUE
1374,0.629531,TRUE
1375,0.54382986,TRUE
1376,0.5471993,TRUE
1377,0.5984197,TRUE
1378,0.55215406,TRUE
1379,0.4820884,FALSE
1380,0.57983905,TRUE
1381,0.46321583,FALSE
1382,0.5573317,TRUE
1383,0.5779299,TRUE
1384,0.47037256,FALSE
1385,0.4761856,FALSE
1386,0.51617247,TRUE
1387,0.5876062,TRUE
1388,0.5462048,TRUE
1389,0.50085884,TRUE
1390,0.45962623,FALSE
1391,0.4651056,FALSE
1392,0.46456134,FALSE
1393,0.54696584,TRUE
1394,0.5019945,TRUE
1395,0.49610317,FALSE
1396,0.41625518,FALSE
1397,0.48092476,FALSE
1398,0.47498176,FALSE
1399,0.5733767,TRUE
1400,0.41288307,FALSE
1401,0.49391925,FALSE
1402,0.5164115,TRUE
1403,0.45101708,FALSE
1404,0.53344786,TRUE
1405,0.51751024,TRUE
1406,0.5235457,TRUE
1407,0.5794581,TRUE
1408,0.5957785,TRUE
1409,0.5283435,TRUE
1410,0.5187832,TRUE
1411,0.4864236,FALSE
1412,0.34664133,FALSE
1413,0.55948937,TRUE
1414,0.6055787,TRUE
1415,0.5780371,TRUE
1416,0.48580098,FALSE
1417,0.5011191,TRUE
1418,0.50932,TRUE
1419,0.525336,TRUE
1420,0.492111,FALSE
1421,0.49116367,FALSE
1422,0.54020435,TRUE
1423,0.47163492,FALSE
1424,0.506974,TRUE
1425,0.4694348,FALSE
1426,0.46668643,FALSE
1427,0.5339109,TRUE
1428,0.5953546,TRUE
1429,0.52858377,TRUE
1430,0.47465658,FALSE
1431,0.5130964,TRUE
1432,0.55163,TRUE
1433,0.5760695,TRUE
1434,0.47590908,FALSE
1435,0.47069317,FALSE
1436,0.54171705,TRUE
1437,0.5907051,TRUE
1438,0.48859274,FALSE
1439,0.6001713,TRUE
1440,0.5132045,TRUE
1441,0.47628462,FALSE
1442,0.5305575,TRUE
1443,0.4820008,FALSE
1444,0.55554605,TRUE
1445,0.5459223,TRUE
1446,0.5999391,TRUE
1447,0.51485574,TRUE
1448,0.5542186,TRUE
1449,0.53909725,TRUE
1450,0.48328876,FALSE
1451,0.5408525,TRUE
1452,0.52755886,TRUE
1453,0.4927285,FALSE
1454,0.4511616,FALSE
1455,0.5042711,TRUE
1456,0.49782833,FALSE
1457,0.50416845,TRUE
1458,0.5889354,TRUE
1459,0.5371286,TRUE
1460,0.4546318,FALSE
1461,0.49850047,FALSE
1462,0.5430307,TRUE
1463,0.59435284,TRUE
1464,0.504271,TRUE
1465,0.5464572,TRUE
1466,0.47401407,FALSE
1467,0.53887165,TRUE
1468,0.45946488,FALSE
1469,0.56072026,TRUE
1470,0.53003454,TRUE
1471,0.533024,TRUE
1472,0.6249129,TRUE
1473,0.5573313,TRUE
1474,0.48828584,FALSE
1475,0.57608956,TRUE
1476,0.53772783,TRUE
1477,0.5382618,TRUE
1478,0.5952107,TRUE
1479,0.5608052,TRUE
1480,0.5863013,TRUE
1481,0.57679635,TRUE
1482,0.50859046,TRUE
1483,0.5037911,TRUE
1484,0.52287096,TRUE
1485,0.57460916,TRUE
1486,0.47456908,FALSE
1487,0.6407609,TRUE
1488,0.57825816,TRUE
1489,0.4258728,FALSE
1490,0.46869105,FALSE
1491,0.56391644,TRUE
1492,0.46358252,FALSE
1493,0.5744706,TRUE
1494,0.4094142,FALSE
1495,0.5170466,TRUE
1496,0.5541398,TRUE
1497,0.6110814,TRUE
1498,0.5051286,TRUE
1499,0.5027277,TRUE
1500,0.5990317,TRUE
1501,0.46952817,FALSE
1502,0.5886214,TRUE
1503,0.50557685,TRUE
1504,0.63842785,TRUE
1505,0.5342621,TRUE
1506,0.55665076,TRUE
1507,0.5552338,TRUE
1508,0.48233882,FALSE
1509,0.52863264,TRUE
1510,0.48047417,FALSE
1511,0.55433744,TRUE
1512,0.5727259,TRUE
1513,0.52313,TRUE
1514,0.5564686,TRUE
1515,0.5410971,TRUE
1516,0.48778307,FALSE
1517,0.5944791,TRUE
1518,0.5915351,TRUE
1519,0.38688776,FALSE
1520,0.5109634,TRUE
1521,0.38302964,FALSE
1522,0.54320073,TRUE
1523,0.5365782,TRUE
1524,0.6054342,TRUE
1525,0.46997914,FALSE
1526,0.6119421,TRUE
1527,0.5318302,TRUE
1528,0.51992935,TRUE
1529,0.525177,TRUE
1530,0.5260291,TRUE
1531,0.5495948,TRUE
1532,0.5635799,TRUE
1533,0.46492484,FALSE
1534,0.44414428,FALSE
1535,0.5025843,TRUE
1536,0.55820036,TRUE
1537,0.5125395,TRUE
1538,0.46365505,FALSE
1539,0.5277373,TRUE
1540,0.5124275,TRUE
1541,0.5460513,TRUE
1542,0.49403512,FALSE
1543,0.6468533,TRUE
1544,0.4973661,FALSE
1545,0.49795043,FALSE
1546,0.5032627,TRUE
1547,0.48886406,FALSE
1548,0.45574012,FALSE
1549,0.5048936,TRUE
1550,0.5835813,TRUE
1551,0.4213844,FALSE
1552,0.6139204,TRUE
1553,0.46275082,FALSE
1554,0.51163995,TRUE
1555,0.53476745,TRUE
1556,0.48347613,FALSE
1557,0.4446417,FALSE
1558,0.5682076,TRUE
1559,0.64992404,TRUE
1560,0.48887026,FALSE
1561,0.5257814,TRUE
1562,0.55638367,TRUE
1563,0.46980295,FALSE
1564,0.45682013,FALSE
1565,0.5551878,TRUE
1566,0.4409658,FALSE
1567,0.44074172,FALSE
1568,0.5877326,TRUE
1569,0.5911639,TRUE
1570,0.5827188,TRUE
1571,0.50460917,TRUE
1572,0.47052693,FALSE
1573,0.49606094,FALSE
1574,0.45431557,FALSE
1575,0.5102861,TRUE
1576,0.45020625,FALSE
1577,0.55846375,TRUE
1578,0.47735703,FALSE
1579,0.43561265,FALSE
1580,0.54258454,TRUE
1581,0.5718977,TRUE
1582,0.49292317,FALSE
1583,0.47608867,FALSE
1584,0.62240547,TRUE
1585,0.43907115,FALSE
1586,0.528146,TRUE
1587,0.5504593,TRUE
1588,0.46561807,FALSE
1589,0.55202645,TRUE
1590,0.49868506,FALSE
1591,0.5602528,TRUE
1592,0.4750205,FALSE
1593,0.42783576,FALSE
1594,0.57101846,TRUE
1595,0.54677385,TRUE
1596,0.5731508,TRUE
1597,0.50633484,TRUE
1598,0.5218407,TRUE
1599,0.6254913,TRUE
1600,0.5277013,TRUE
1601,0.5393952,TRUE
1602,0.52627635,TRUE
1603,0.5084132,TRUE
1604,0.59088486,TRUE
1605,0.3882365,FALSE
1606,0.5149705,TRUE
1607,0.49674255,FALSE
1608,0.47313818,FALSE
1609,0.5875432,TRUE
1610,0.47178608,FALSE
1611,0.49788547,FALSE
1612,0.5350683,TRUE
1613,0.5470467,TRUE
1614,0.52698606,TRUE
1615,0.6460778,TRUE
1616,0.63907725,TRUE
1617,0.54974145,TRUE
1618,0.6296884,TRUE
1619,0.44476599,FALSE
1620,0.47867018,FALSE
1621,0.5866338,TRUE
1622,0.42647764,FALSE
1623,0.47530538,FALSE
1624,0.4425299,FALSE
1625,0.525199,TRUE
1626,0.5771709,TRUE
1627,0.58347976,TRUE
1628,0.56591135,TRUE
1629,0.5330729,TRUE
1630,0.51391166,TRUE
1631,0.5103581,TRUE
1632,0.51859933,TRUE
1633,0.5323989,TRUE
1634,0.5308413,TRUE
1635,0.5476539,TRUE
1636,0.50278723,TRUE
1637,0.47251683,FALSE
1638,0.5653962,TRUE
1639,0.6097661,TRUE
1640,0.57503283,TRUE
1641,0.49762177,FALSE
1642,0.55860156,TRUE
1643,0.52700657,TRUE
1644,0.6161295,TRUE
1645,0.60164624,TRUE
1646,0.56046605,TRUE
1647,0.53124,TRUE
1648,0.53413934,TRUE
1649,0.6102067,TRUE
1650,0.5111742,TRUE
1651,0.5355777,TRUE
1652,0.5584832,TRUE
1653,0.5128061,TRUE
1654,0.59906,TRUE
1655,0.5730469,TRUE
1656,0.49762753,FALSE
1657,0.45388362,FALSE
1658,0.49436796,FALSE
1659,0.4972325,FALSE
1660,0.5298163,TRUE
1661,0.538069,TRUE
1662,0.60731196,TRUE
1663,0.5103194,TRUE
1664,0.5877523,TRUE
1665,0.48800308,FALSE
1666,0.5269464,TRUE
1667,0.5202688,TRUE
1668,0.57101345,TRUE
1669,0.46701822,FALSE
1670,0.51619476,TRUE
1671,0.4128145,FALSE
1672,0.5797914,TRUE
1673,0.47276658,FALSE
1674,0.5071985,TRUE
1675,0.4976167,FALSE
1676,0.59111613,TRUE
1677,0.5480782,TRUE
1678,0.42669782,FALSE
1679,0.52925116,TRUE
1680,0.4440743,FALSE
1681,0.45217922,FALSE
1682,0.48367763,FALSE
1683,0.55768174,TRUE
1684,0.4952129,FALSE
1685,0.4737332,FALSE
1686,0.62698513,TRUE
1687,0.62548906,TRUE
1688,0.48581856,FALSE
1689,0.50620496,TRUE
1690,0.5809608,TRUE
1691,0.6229328,TRUE
1692,0.5064291,TRUE
1693,0.58842427,TRUE
1694,0.4651842,FALSE
1695,0.5564217,TRUE
1696,0.5916355,TRUE
1697,0.56843996,TRUE
1698,0.5059027,TRUE
1699,0.536942,TRUE
1700,0.461118,FALSE
1701,0.51624274,TRUE
1702,0.56142443,TRUE
1703,0.46231624,FALSE
1704,0.46503642,FALSE
1705,0.52076024,TRUE
1706,0.4597612,FALSE
1707,0.55110496,TRUE
1708,0.48146188,FALSE
1709,0.5551535,TRUE
1710,0.511433,TRUE
1711,0.5485172,TRUE
1712,0.5631126,TRUE
1713,0.56988,TRUE
1714,0.52253115,TRUE
1715,0.49595758,FALSE
1716,0.45631686,FALSE
1717,0.4872409,FALSE
1718,0.46337527,FALSE
1719,0.56192344,TRUE
1720,0.6045475,TRUE
1721,0.5779452,TRUE
1722,0.38752404,FALSE
1723,0.5568218,TRUE
1724,0.45840764,FALSE
1725,0.51389617,TRUE
1726,0.58179593,TRUE
1727,0.5374005,TRUE
1728,0.5027115,TRUE
1729,0.43861112,FALSE
1730,0.53133196,TRUE
1731,0.4618189,FALSE
1732,0.4933246,FALSE
1733,0.55314684,TRUE
1734,0.56720203,TRUE
1735,0.5016,TRUE
1736,0.5418798,TRUE
1737,0.60509956,TRUE
1738,0.5635321,TRUE
1739,0.52497005,TRUE
1740,0.48793542,FALSE
1741,0.49450505,FALSE
1742,0.6051849,TRUE
1743,0.4976338,FALSE
1744,0.44709542,FALSE
1745,0.5501754,TRUE
1746,0.5988881,TRUE
1747,0.5888175,TRUE
1748,0.5394336,TRUE
1749,0.5586903,TRUE
1750,0.51973677,TRUE
1751,0.482625,FALSE
1752,0.49925068,FALSE
1753,0.5645793,TRUE
1754,0.5603826,TRUE
1755,0.51683164,TRUE
1756,0.45157543,FALSE
1757,0.47187018,FALSE
1758,0.594666,TRUE
1759,0.47490153,FALSE
1760,0.4675683,FALSE
1761,0.41314045,FALSE
1762,0.5340948,TRUE
1763,0.49071732,FALSE
1764,0.49773297,FALSE
1765,0.48216638,FALSE
1766,0.4927074,FALSE
1767,0.5661665,TRUE
1768,0.46231458,FALSE
1769,0.53526866,TRUE
1770,0.56196547,TRUE
1771,0.5829972,TRUE
1772,0.5256381,TRUE
1773,0.5756523,TRUE
1774,0.50288415,TRUE
1775,0.5536079,TRUE
1776,0.5054464,TRUE
1777,0.48271972,FALSE
1778,0.512827,TRUE
1779,0.45193467,FALSE
1780,0.5774045,TRUE
1781,0.52075547,TRUE
1782,0.6513848,TRUE
1783,0.6198802,TRUE
1784,0.52707267,TRUE
1785,0.5026368,TRUE
1786,0.51145095,TRUE
1787,0.42273548,FALSE
1788,0.5891506,TRUE
1789,0.48008382,FALSE
1790,0.41006464,FALSE
1791,0.52698755,TRUE
1792,0.5720115,TRUE
1793,0.4983834,FALSE
1794,0.56226856,TRUE
1795,0.57603794,TRUE
1796,0.54365367,TRUE
1797,0.5325151,TRUE
1798,0.3600844,FALSE
1799,0.56826735,TRUE
1800,0.56137383,TRUE
1801,0.5010017,TRUE
1802,0.5167083,TRUE
1803,0.5697261,TRUE
1804,0.6168874,TRUE
1805,0.41623512,FALSE
1806,0.47825482,FALSE
1807,0.60678613,TRUE
1808,0.49391863,FALSE
1809,0.47050875,FALSE
1810,0.5435996,TRUE
1811,0.53917736,TRUE
1812,0.42437097,FALSE
1813,0.5667214,TRUE
1814,0.5220034,TRUE
1815,0.4840639,FALSE
1816,0.58386785,TRUE
1817,0.5443111,TRUE
1818,0.5018913,TRUE
1819,0.45522615,FALSE
1820,0.51810706,TRUE
1821,0.4712434,FALSE
1822,0.4931065,FALSE
1823,0.48281315,FALSE
1824,0.44000393,FALSE
1825,0.48949143,FALSE
1826,0.48889226,FALSE
1827,0.51022035,TRUE
1828,0.47032806,FALSE
1829,0.4966076,FALSE
1830,0.60583127,TRUE
1831,0.4998049,FALSE
1832,0.40724218,FALSE
1833,0.5034947,TRUE
1834,0.5533642,TRUE
1835,0.5751755,TRUE
1836,0.6158687,TRUE
1837,0.50867736,TRUE
1838,0.44526085,FALSE
1839,0.5815216,TRUE
1840,0.5156182,TRUE
1841,0.46245706,FALSE
1842,0.3873835,FALSE
1843,0.5597731,TRUE
1844,0.58259475,TRUE
1845,0.554899,TRUE
1846,0.5165087,TRUE
1847,0.6150318,TRUE
1848,0.5283588,TRUE
1849,0.45615283,FALSE
1850,0.43797675,FALSE
1851,0.54215336,TRUE
1852,0.5137607,TRUE
1853,0.4256062,FALSE
1854,0.5905763,TRUE
1855,0.65286505,TRUE
1856,0.46587783,FALSE
1857,0.52680326,TRUE
1858,0.43080053,FALSE
1859,0.5139045,TRUE
1860,0.5160988,TRUE
1861,0.4160678,FALSE
1862,0.46822327,FALSE
1863,0.5528875,TRUE
1864,0.50249743,TRUE
1865,0.46165338,FALSE
1866,0.494594,FALSE
1867,0.6218706,TRUE
1868,0.5903423,TRUE
1869,0.43698066,FALSE
1870,0.4842238,FALSE
1871,0.62577134,TRUE
1872,0.5092588,TRUE
1873,0.52688134,TRUE
1874,0.5065108,TRUE
1875,0.46471304,FALSE
1876,0.5543428,TRUE
1877,0.5676034,TRUE
1878,0.59310764,TRUE
1879,0.5761518,TRUE
1880,0.4705261,FALSE
1881,0.46395198,FALSE
1882,0.57725596,TRUE
1883,0.40803778,FALSE
1884,0.5179069,TRUE
1885,0.4901501,FALSE
1886,0.5017486,TRUE
1887,0.3621229,FALSE
1888,0.43332618,FALSE
1889,0.612227,TRUE
1890,0.50781554,TRUE
1891,0.5668637,TRUE
1892,0.5453664,TRUE
1893,0.5054956,TRUE
1894,0.5678328,TRUE
1895,0.518307,TRUE
1896,0.43997607,FALSE
1897,0.47821984,FALSE
1898,0.5243417,TRUE
1899,0.5107112,TRUE
1900,0.5012549,TRUE
1901,0.3747405,FALSE
1902,0.531349,TRUE
1903,0.4301082,FALSE
1904,0.49783215,FALSE
1905,0.47864908,FALSE
1906,0.5093691,TRUE
1907,0.49874905,FALSE
1908,0.50474554,TRUE
1909,0.4608857,FALSE
1910,0.4615644,FALSE
1911,0.58393586,TRUE
1912,0.47988588,FALSE
1913,0.56538665,TRUE
1914,0.60264474,TRUE
1915,0.4912574,FALSE
1916,0.49940217,FALSE
1917,0.5433647,TRUE
1918,0.5465419,TRUE
1919,0.51662105,TRUE
1920,0.480342,FALSE
1921,0.47484472,FALSE
1922,0.45003748,FALSE
1923,0.5631268,TRUE
1924,0.5065616,TRUE
1925,0.5295543,TRUE
1926,0.62652135,TRUE
1927,0.45743507,FALSE
1928,0.5046274,TRUE
1929,0.6167996,TRUE
1930,0.54700035,TRUE
1931,0.5524643,TRUE
1932,0.48926133,FALSE
1933,0.4802748,FALSE
1934,0.56751865,TRUE
1935,0.524994,TRUE
1936,0.5471305,TRUE
1937,0.43580005,FALSE
1938,0.47848833,FALSE
1939,0.45131943,FALSE
1940,0.47655943,FALSE
1941,0.44384938,FALSE
1942,0.4762052,FALSE
1943,0.56484765,TRUE
1944,0.5186295,TRUE
1945,0.6459192,TRUE
1946,0.5504396,TRUE
1947,0.55494606,TRUE
1948,0.5053898,TRUE
1949,0.4571066,FALSE
1950,0.51611555,TRUE
1951,0.4960384,FALSE
1952,0.59167534,TRUE
1953,0.63130367,TRUE
1954,0.5370215,TRUE
1955,0.5216466,TRUE
1956,0.6147135,TRUE
1957,0.4257885,FALSE
1958,0.5505761,TRUE
1959,0.48929927,FALSE
1960,0.49028236,FALSE
1961,0.44487292,FALSE
1962,0.3890147,FALSE
1963,0.5285326,TRUE
1964,0.42524156,FALSE
1965,0.56889,TRUE
1966,0.5409902,TRUE
1967,0.42977574,FALSE
1968,0.5663952,TRUE
1969,0.46872297,FALSE
1970,0.4154089,FALSE
1971,0.4893622,FALSE
1972,0.48564956,FALSE
1973,0.6054789,TRUE
1974,0.5601785,TRUE
1975,0.45879963,FALSE
1976,0.40076056,FALSE
1977,0.5902485,TRUE
1978,0.43514025,FALSE
1979,0.56715196,TRUE
1980,0.4207767,FALSE
1981,0.54041356,TRUE
1982,0.4807444,FALSE
1983,0.5419262,TRUE
1984,0.47766602,FALSE
1985,0.48801017,FALSE
1986,0.5428144,TRUE
1987,0.61576056,TRUE
1988,0.6221091,TRUE
1989,0.41999993,FALSE
1990,0.5189649,TRUE
1991,0.6041704,TRUE
1992,0.535435,TRUE
1993,0.58044237,TRUE
1994,0.58531743,TRUE
1995,0.49663174,FALSE
1996,0.57025564,TRUE
1997,0.50516206,TRUE
1998,0.55966055,TRUE
1999,0.6264725,TRUE
2000,0.5500134,TRUE
2001,0.4257087,FALSE
2002,0.42052996,FALSE
2003,0.5464012,TRUE
2004,0.50596243,TRUE
2005,0.46367228,FALSE
2006,0.5041751,TRUE
2007,0.517584,TRUE
2008,0.48544994,FALSE
2009,0.5392324,TRUE
2010,0.63279784,TRUE
2011,0.54606676,TRUE
2012,0.39270586,FALSE
2013,0.47864044,FALSE
2014,0.44673407,FALSE
2015,0.46197316,FALSE
2016,0.4731737,FALSE
2017,0.53419626,TRUE
2018,0.55874777,TRUE
2019,0.5001954,TRUE
2020,0.5490473,TRUE
2021,0.58149296,TRUE
2022,0.55283093,TRUE
2023,0.5126638,TRUE
2024,0.5151625,TRUE
2025,0.5163664,TRUE
2026,0.5317885,TRUE
2027,0.59016055,TRUE
2028,0.46597195,FALSE
2029,0.5201603,TRUE
2030,0.51371276,TRUE
2031,0.49209744,FALSE
2032,0.56759495,TRUE
2033,0.49244875,FALSE
2034,0.6059412,TRUE
2035,0.46411443,FALSE
2036,0.559436,TRUE
2037,0.40593457,FALSE
2038,0.5407658,TRUE
2039,0.4479935,FALSE
2040,0.5471749,TRUE
2041,0.5242186,TRUE
2042,0.4888222,FALSE
2043,0.5922735,TRUE
2044,0.5065692,TRUE
2045,0.4059983,FALSE
2046,0.60805607,TRUE
2047,0.4637081,FALSE
2048,0.5218403,TRUE
2049,0.60850817,TRUE
2050,0.51843065,TRUE
2051,0.49815315,FALSE
2052,0.55317056,TRUE
2053,0.45615637,FALSE
2054,0.5774346,TRUE
2055,0.40041268,FALSE
2056,0.53587097,TRUE
2057,0.46906647,FALSE
2058,0.5585376,TRUE
2059,0.40721932,FALSE
2060,0.52421707,TRUE
2061,0.4293,FALSE
2062,0.47363317,FALSE
2063,0.43762004,FALSE
2064,0.58591694,TRUE
2065,0.47678807,FALSE
2066,0.46926573,FALSE
2067,0.52494067,TRUE
2068,0.5473147,TRUE
2069,0.6092487,TRUE
2070,0.5017974,TRUE
2071,0.6058727,TRUE
2072,0.5036261,TRUE
2073,0.5849378,TRUE
2074,0.52954173,TRUE
2075,0.5766769,TRUE
2076,0.5496436,TRUE
2077,0.5650672,TRUE
2078,0.54476655,TRUE
2079,0.39857146,FALSE
2080,0.5169288,TRUE
2081,0.55804145,TRUE
2082,0.5428986,TRUE
2083,0.5701569,TRUE
2084,0.5187855,TRUE
2085,0.48274967,FALSE
2086,0.5521178,TRUE
2087,0.49890587,FALSE
2088,0.46840292,FALSE
2089,0.50177205,TRUE
2090,0.58400106,TRUE
2091,0.4920971,FALSE
2092,0.5411136,TRUE
2093,0.644501,TRUE
2094,0.532038,TRUE
2095,0.5860301,TRUE
2096,0.5117185,TRUE
2097,0.5197879,TRUE
2098,0.49483696,FALSE
2099,0.5723505,TRUE
2100,0.47884247,FALSE
2101,0.5715964,TRUE
2102,0.5966785,TRUE
2103,0.47005284,FALSE
2104,0.48451504,FALSE
2105,0.54016024,TRUE
2106,0.54382956,TRUE
2107,0.5260739,TRUE
2108,0.5730086,TRUE
2109,0.5747674,TRUE
2110,0.49628356,FALSE
2111,0.6100335,TRUE
2112,0.6129817,TRUE
2113,0.5384064,TRUE
2114,0.510533,TRUE
2115,0.5755804,TRUE
2116,0.6091781,TRUE
2117,0.57289726,TRUE
2118,0.5557257,TRUE
2119,0.42951268,FALSE
2120,0.52843004,TRUE
2121,0.6155216,TRUE
2122,0.5471081,TRUE
2123,0.5755838,TRUE
2124,0.4882192,FALSE
2125,0.57667404,TRUE
2126,0.63417774,TRUE
2127,0.4894748,FALSE
2128,0.42195523,FALSE
2129,0.50213903,TRUE
2130,0.6176451,TRUE
2131,0.49067345,FALSE
2132,0.56893367,TRUE
2133,0.45712247,FALSE
2134,0.4196523,FALSE
2135,0.5090469,TRUE
2136,0.5733424,TRUE
2137,0.6518585,TRUE
2138,0.58464885,TRUE
2139,0.4341688,FALSE
2140,0.6019312,TRUE
2141,0.58469504,TRUE
2142,0.4820413,FALSE
2143,0.49680364,FALSE
2144,0.5185549,TRUE
2145,0.5757142,TRUE
2146,0.61186945,TRUE
2147,0.43180412,FALSE
2148,0.5794611,TRUE
2149,0.49819154,FALSE
2150,0.52662385,TRUE
2151,0.6050846,TRUE
2152,0.4733882,FALSE
2153,0.45584318,FALSE
2154,0.5256607,TRUE
2155,0.6110766,TRUE
2156,0.52999765,TRUE
2157,0.54899454,TRUE
2158,0.4798174,FALSE
2159,0.5372938,TRUE
2160,0.5301071,TRUE
2161,0.52571005,TRUE
2162,0.5257441,TRUE
2163,0.59491587,TRUE
2164,0.47426492,FALSE
2165,0.5094275,TRUE
2166,0.5417806,TRUE
2167,0.50773853,TRUE
2168,0.4813728,FALSE
2169,0.5738585,TRUE
2170,0.57162726,TRUE
2171,0.48023146,FALSE
2172,0.5775146,TRUE
2173,0.48374566,FALSE
2174,0.50168806,TRUE
2175,0.5295006,TRUE
2176,0.48892418,FALSE
2177,0.48170283,FALSE
2178,0.5722532,TRUE
2179,0.49445614,FALSE
2180,0.47746035,FALSE
2181,0.44867274,FALSE
2182,0.5520296,TRUE
2183,0.5148465,TRUE
2184,0.5148684,TRUE
2185,0.53750825,TRUE
2186,0.5356839,TRUE
2187,0.43498123,FALSE
2188,0.54614717,TRUE
2189,0.540627,TRUE
2190,0.44276097,FALSE
2191,0.577997,TRUE
2192,0.47091204,FALSE
2193,0.51996887,TRUE
2194,0.5553962,TRUE
2195,0.57705164,TRUE
2196,0.5176685,TRUE
2197,0.46075246,FALSE
2198,0.54694843,TRUE
2199,0.4271451,FALSE
2200,0.4518047,FALSE
2201,0.5122931,TRUE
2202,0.5911709,TRUE
2203,0.5580615,TRUE
2204,0.5226922,TRUE
2205,0.49080017,FALSE
2206,0.6448354,TRUE
2207,0.5626872,TRUE
2208,0.5830341,TRUE
2209,0.5053117,TRUE
2210,0.51448965,TRUE
2211,0.5439738,TRUE
2212,0.4927358,FALSE
2213,0.52396375,TRUE
2214,0.48487148,FALSE
2215,0.54924834,TRUE
2216,0.5319758,TRUE
2217,0.53986174,TRUE
2218,0.5362811,TRUE
2219,0.6121979,TRUE
2220,0.54270655,TRUE
2221,0.5047397,TRUE
2222,0.5210523,TRUE
2223,0.60704213,TRUE
2224,0.5374381,TRUE
2225,0.51576185,TRUE
2226,0.53172094,TRUE
2227,0.556778,TRUE
2228,0.58573914,TRUE
2229,0.4626793,FALSE
2230,0.4687346,FALSE
2231,0.6315975,TRUE
2232,0.53264,TRUE
2233,0.6138332,TRUE
2234,0.5341118,TRUE
2235,0.4485088,FALSE
2236,0.48219714,FALSE
2237,0.57052237,TRUE
2238,0.6054717,TRUE
2239,0.5080186,TRUE
2240,0.4933918,FALSE
2241,0.43203908,FALSE
2242,0.5337735,TRUE
2243,0.53281355,TRUE
2244,0.5812526,TRUE
2245,0.61757874,TRUE
2246,0.48559278,FALSE
2247,0.5027557,TRUE
2248,0.5067808,TRUE
2249,0.5959996,TRUE
2250,0.4561012,FALSE
2251,0.53560984,TRUE
2252,0.48922598,FALSE
2253,0.5468149,TRUE
2254,0.53267086,TRUE
2255,0.49703622,FALSE
2256,0.43236923,FALSE
2257,0.58378553,TRUE
2258,0.46200344,FALSE
2259,0.54483914,TRUE
2260,0.505306,TRUE
2261,0.4850404,FALSE
2262,0.3942965,FALSE
2263,0.54875594,TRUE
2264,0.5721255,TRUE
2265,0.52597064,TRUE
2266,0.45325324,FALSE
2267,0.48791552,FALSE
2268,0.630911,TRUE
2269,0.56717587,TRUE
2270,0.50004786,TRUE
2271,0.5273289,TRUE
2272,0.5703712,TRUE
2273,0.52886856,TRUE
2274,0.53663695,TRUE
2275,0.59043926,TRUE
2276,0.52033,TRUE
2277,0.64090806,TRUE
2278,0.5174596,TRUE
2279,0.48422337,FALSE
2280,0.57890993,TRUE
2281,0.5543258,TRUE
2282,0.471904,FALSE
2283,0.5595243,TRUE
2284,0.5813563,TRUE
2285,0.4410688,FALSE
2286,0.6080634,TRUE
2287,0.5358104,TRUE
2288,0.56901294,TRUE
2289,0.5168665,TRUE
2290,0.4475268,FALSE
2291,0.5876915,TRUE
2292,0.51345164,TRUE
2293,0.5462725,TRUE
2294,0.4953089,FALSE
2295,0.602988,TRUE
2296,0.5498583,TRUE
2297,0.49769002,FALSE
2298,0.52497196,TRUE
2299,0.49809188,FALSE
2300,0.45387816,FALSE
2301,0.58475506,TRUE
2302,0.46497774,FALSE
2303,0.5488566,TRUE
2304,0.50770575,TRUE
2305,0.5144359,TRUE
2306,0.501147,TRUE
2307,0.56652606,TRUE
2308,0.5746182,TRUE
2309,0.5078737,TRUE
2310,0.60343355,TRUE
2311,0.5561239,TRUE
2312,0.53016317,TRUE
2313,0.5100752,TRUE
2314,0.5022707,TRUE
2315,0.43794757,FALSE
2316,0.438038,FALSE
2317,0.4029707,FALSE
2318,0.5203747,TRUE
2319,0.530211,TRUE
2320,0.6176333,TRUE
2321,0.6180091,TRUE
2322,0.6086577,TRUE
2323,0.66832197,TRUE
2324,0.62384665,TRUE
2325,0.44792446,FALSE
2326,0.4842412,FALSE
2327,0.4328998,FALSE
2328,0.56761634,TRUE
2329,0.49194747,FALSE
2330,0.53382516,TRUE
2331,0.5542966,TRUE
2332,0.53909475,TRUE
2333,0.53991,TRUE
2334,0.5008993,TRUE
2335,0.49423093,FALSE
2336,0.56201845,TRUE
2337,0.5398291,TRUE
2338,0.64027584,TRUE
2339,0.46480572,FALSE
2340,0.678762,TRUE
2341,0.50291514,TRUE
2342,0.58731025,TRUE
2343,0.5490826,TRUE
2344,0.5411709,TRUE
2345,0.55742854,TRUE
2346,0.5859745,TRUE
2347,0.5315078,TRUE
2348,0.53518337,TRUE
2349,0.5571371,TRUE
2350,0.47306958,FALSE
2351,0.54402435,TRUE
2352,0.52522236,TRUE
2353,0.52439463,TRUE
2354,0.49072447,FALSE
2355,0.48651412,FALSE
2356,0.56459093,TRUE
2357,0.44078067,FALSE
2358,0.582785,TRUE
2359,0.5591721,TRUE
2360,0.448438,FALSE
2361,0.5794861,TRUE
2362,0.4016179,FALSE
2363,0.45963672,FALSE
2364,0.6056771,TRUE
2365,0.5777049,TRUE
2366,0.5522013,TRUE
2367,0.42999676,FALSE
2368,0.5578025,TRUE
2369,0.48984784,FALSE
2370,0.4864221,FALSE
2371,0.44119245,FALSE
2372,0.59776425,TRUE
2373,0.48573837,FALSE
2374,0.41125557,FALSE
2375,0.6389621,TRUE
2376,0.55879724,TRUE
2377,0.46653533,FALSE
2378,0.4244842,FALSE
2379,0.48672092,FALSE
2380,0.5697247,TRUE
2381,0.5025102,TRUE
2382,0.5129878,TRUE
2383,0.499438,FALSE
2384,0.6127352,TRUE
2385,0.4464413,FALSE
2386,0.47260302,FALSE
2387,0.4774662,FALSE
2388,0.5457551,TRUE
2389,0.5653037,TRUE
2390,0.51935744,TRUE
2391,0.58286065,TRUE
2392,0.568697,TRUE
2393,0.49601445,FALSE
2394,0.5230127,TRUE
2395,0.61861634,TRUE
2396,0.59319997,TRUE
2397,0.5008748,TRUE
2398,0.4824181,FALSE
2399,0.6165777,TRUE
2400,0.61167485,TRUE
2401,0.48752397,FALSE
2402,0.47601092,FALSE
2403,0.54823035,TRUE
2404,0.46734166,FALSE
2405,0.5814305,TRUE
2406,0.55977046,TRUE
2407,0.48214507,FALSE
2408,0.56604344,TRUE
2409,0.53863335,TRUE
2410,0.53609455,TRUE
2411,0.5742201,TRUE
2412,0.52724445,TRUE
2413,0.48244306,FALSE
2414,0.45370883,FALSE
2415,0.48287565,FALSE
2416,0.44690028,FALSE
2417,0.55843437,TRUE
2418,0.5954437,TRUE
2419,0.4108245,FALSE
2420,0.49642318,FALSE
2421,0.609608,TRUE
2422,0.5171381,TRUE
2423,0.53326327,TRUE
2424,0.6313118,TRUE
2425,0.52881175,TRUE
2426,0.5085166,TRUE
2427,0.47226852,FALSE
