id,home_team_win
0,0.8
1,0.3
2,0.1
3,1.0
4,0.0
5,0.8
6,1.0
7,0.1
8,0.9
9,0.9
10,0.9
11,0.7
12,0.7
13,1.0
14,0.8
15,0.8
16,0.6
17,0.5
18,0.9
19,0.5
20,1.0
21,0.7
22,1.0
23,0.8
24,0.4
25,1.0
26,0.7
27,0.3
28,0.1
29,1.0
30,0.9
31,1.0
32,0.2
33,0.9
34,0.9
35,0.6
36,1.0
37,1.0
38,0.5
39,0.4
40,0.7
41,1.0
42,0.0
43,0.5
44,1.0
45,0.0
46,0.6
47,1.0
48,1.0
49,0.8
50,0.9
51,1.0
52,0.1
53,0.5
54,0.1
55,1.0
56,0.1
57,0.8
58,0.8
59,0.5
60,0.0
61,1.0
62,0.3
63,0.9
64,0.2
65,0.9
66,0.6
67,1.0
68,1.0
69,0.8
70,0.9
71,1.0
72,0.7
73,0.7
74,0.2
75,0.9
76,1.0
77,0.6
78,0.9
79,0.7
80,0.4
81,0.3
82,0.9
83,1.0
84,0.7
85,0.9
86,1.0
87,0.8
88,0.3
89,0.0
90,0.4
91,0.4
92,1.0
93,0.0
94,0.9
95,0.0
96,0.0
97,1.0
98,1.0
99,0.8
100,0.6
101,1.0
102,0.5
103,0.7
104,0.4
105,1.0
106,1.0
107,0.9
108,0.0
109,0.8
110,0.6
111,1.0
112,1.0
113,0.2
114,0.1
115,0.4
116,1.0
117,1.0
118,0.5
119,0.9
120,1.0
121,0.8
122,1.0
123,0.0
124,1.0
125,0.9
126,0.2
127,0.7
128,0.8
129,0.4
130,0.0
131,0.9
132,0.9
133,0.2
134,0.5
135,0.0
136,1.0
137,0.8
138,1.0
139,0.5
140,0.7
141,1.0
142,0.1
143,1.0
144,0.2
145,0.9
146,1.0
147,0.2
148,0.5
149,0.5
150,1.0
151,0.3
152,1.0
153,0.2
154,0.4
155,1.0
156,0.4
157,0.1
158,1.0
159,0.6
160,1.0
161,1.0
162,0.0
163,0.9
164,0.8
165,1.0
166,0.7
167,0.4
168,1.0
169,0.9
170,0.8
171,1.0
172,1.0
173,0.4
174,0.7
175,0.6
176,0.7
177,0.0
178,1.0
179,0.7
180,1.0
181,1.0
182,0.8
183,0.7
184,1.0
185,0.0
186,0.1
187,1.0
188,0.4
189,1.0
190,0.0
191,0.9
192,0.8
193,0.8
194,0.9
195,0.0
196,1.0
197,1.0
198,0.0
199,0.2
200,0.6
201,0.9
202,0.7
203,0.9
204,0.3
205,0.8
206,0.0
207,1.0
208,1.0
209,0.1
210,0.4
211,0.7
212,0.1
213,0.5
214,0.0
215,0.9
216,1.0
217,1.0
218,0.0
219,0.7
220,0.9
221,0.5
222,0.1
223,1.0
224,0.1
225,0.6
226,0.5
227,0.9
228,0.3
229,0.6
230,0.9
231,0.5
232,0.3
233,1.0
234,0.6
235,1.0
236,0.5
237,0.6
238,0.0
239,0.6
240,1.0
241,0.6
242,0.1
243,1.0
244,0.0
245,0.8
246,0.7
247,0.7
248,0.8
249,0.0
250,0.5
251,0.0
252,0.3
253,0.5
254,0.6
255,0.3
256,0.9
257,0.0
258,1.0
259,0.0
260,0.7
261,0.5
262,1.0
263,0.0
264,0.1
265,0.9
266,0.9
267,0.5
268,0.7
269,0.9
270,1.0
271,0.9
272,1.0
273,0.1
274,1.0
275,0.7
276,0.5
277,1.0
278,0.2
279,1.0
280,0.0
281,1.0
282,0.2
283,0.7
284,1.0
285,0.0
286,0.0
287,1.0
288,1.0
289,0.9
290,1.0
291,1.0
292,0.2
293,0.2
294,1.0
295,0.1
296,0.3
297,0.9
298,0.9
299,1.0
300,0.7
301,1.0
302,0.9
303,0.1
304,0.4
305,1.0
306,0.6
307,0.9
308,0.6
309,0.1
310,0.7
311,0.1
312,0.0
313,0.8
314,0.8
315,1.0
316,0.4
317,0.0
318,0.7
319,1.0
320,1.0
321,0.8
322,1.0
323,0.5
324,0.1
325,1.0
326,0.3
327,0.9
328,0.5
329,1.0
330,0.9
331,0.6
332,1.0
333,0.0
334,0.1
335,1.0
336,0.2
337,0.2
338,0.0
339,1.0
340,0.9
341,0.2
342,0.8
343,0.7
344,0.0
345,1.0
346,1.0
347,1.0
348,1.0
349,0.9
350,0.8
351,0.2
352,0.7
353,0.6
354,0.8
355,0.2
356,0.2
357,0.3
358,1.0
359,1.0
360,1.0
361,0.0
362,0.5
363,0.8
364,1.0
365,1.0
366,0.7
367,0.0
368,0.4
369,1.0
370,0.6
371,0.8
372,0.5
373,0.4
374,0.4
375,0.2
376,0.8
377,0.4
378,0.9
379,0.5
380,0.0
381,0.7
382,0.8
383,1.0
384,0.0
385,0.9
386,0.0
387,1.0
388,0.7
389,1.0
390,1.0
391,0.9
392,1.0
393,0.5
394,0.5
395,0.9
396,1.0
397,0.5
398,0.9
399,1.0
400,0.9
401,0.9
402,0.0
403,0.5
404,0.8
405,0.8
406,0.0
407,0.3
408,0.6
409,0.8
410,1.0
411,0.4
412,1.0
413,0.0
414,0.9
415,0.0
416,0.7
417,0.7
418,0.0
419,0.7
420,1.0
421,1.0
422,1.0
423,1.0
424,0.2
425,0.9
426,0.9
427,0.8
428,1.0
429,0.1
430,0.1
431,0.9
432,0.2
433,0.7
434,0.2
435,0.0
436,1.0
437,0.9
438,1.0
439,0.6
440,0.0
441,0.5
442,0.3
443,0.1
444,0.3
445,0.8
446,0.9
447,1.0
448,1.0
449,0.9
450,1.0
451,0.7
452,1.0
453,0.9
454,1.0
455,1.0
456,1.0
457,1.0
458,1.0
459,1.0
460,0.5
461,0.4
462,0.9
463,1.0
464,1.0
465,0.7
466,0.0
467,0.0
468,0.7
469,1.0
470,1.0
471,0.4
472,0.6
473,0.1
474,1.0
475,0.8
476,0.3
477,0.3
478,1.0
479,1.0
480,0.3
481,0.1
482,0.2
483,0.0
484,0.6
485,1.0
486,0.4
487,1.0
488,0.8
489,0.9
490,0.2
491,0.0
492,1.0
493,0.4
494,0.7
495,0.8
496,0.0
497,1.0
498,0.7
499,1.0
500,0.9
501,0.6
502,0.8
503,0.9
504,0.0
505,0.0
506,0.8
507,0.0
508,0.3
509,1.0
510,0.9
511,0.5
512,0.8
513,0.2
514,0.0
515,0.3
516,0.2
517,0.2
518,1.0
519,0.8
520,0.9
521,0.1
522,0.0
523,0.9
524,0.0
525,0.8
526,1.0
527,0.9
528,0.9
529,0.9
530,1.0
531,1.0
532,0.5
533,1.0
534,0.7
535,0.0
536,1.0
537,0.9
538,0.3
539,1.0
540,1.0
541,1.0
542,1.0
543,0.2
544,0.5
545,1.0
546,0.0
547,0.1
548,0.6
549,0.7
550,1.0
551,0.0
552,1.0
553,0.7
554,0.0
555,0.4
556,0.3
557,1.0
558,0.2
559,0.6
560,0.2
561,0.0
562,0.9
563,0.5
564,0.9
565,1.0
566,1.0
567,0.5
568,1.0
569,0.9
570,0.5
571,0.4
572,0.9
573,0.1
574,0.7
575,0.4
576,0.2
577,1.0
578,0.9
579,1.0
580,0.0
581,1.0
582,1.0
583,0.8
584,0.4
585,0.9
586,0.5
587,0.0
588,0.0
589,0.5
590,0.8
591,0.3
592,0.2
593,0.8
594,0.1
595,0.5
596,1.0
597,0.7
598,0.7
599,0.9
600,1.0
601,0.9
602,0.3
603,0.0
604,1.0
605,0.4
606,0.8
607,0.0
608,0.2
609,0.8
610,1.0
611,0.8
612,0.6
613,0.2
614,0.7
615,0.0
616,0.7
617,0.9
618,0.0
619,0.9
620,1.0
621,0.6
622,1.0
623,0.7
624,0.9
625,0.5
626,1.0
627,1.0
628,1.0
629,0.7
630,0.1
631,0.6
632,1.0
633,1.0
634,0.0
635,0.2
636,0.7
637,0.5
638,0.7
639,0.9
640,0.3
641,1.0
642,0.1
643,0.1
644,0.8
645,0.9
646,1.0
647,0.1
648,0.7
649,1.0
650,0.4
651,0.9
652,0.5
653,0.4
654,0.8
655,0.9
656,0.9
657,0.3
658,1.0
659,0.3
660,0.9
661,0.4
662,0.5
663,0.5
664,0.8
665,0.6
666,0.9
667,0.9
668,0.5
669,0.4
670,1.0
671,0.1
672,0.7
673,0.9
674,0.5
675,0.9
676,0.6
677,0.6
678,1.0
679,0.9
680,1.0
681,0.8
682,0.5
683,1.0
684,1.0
685,0.0
686,0.8
687,0.6
688,0.9
689,0.6
690,0.1
691,0.3
692,0.8
693,0.4
694,0.5
695,0.1
696,1.0
697,0.3
698,0.9
699,1.0
700,0.5
701,0.5
702,1.0
703,1.0
704,0.0
705,1.0
706,1.0
707,0.0
708,1.0
709,1.0
710,1.0
711,0.2
712,0.9
713,1.0
714,0.2
715,0.6
716,0.7
717,0.9
718,0.8
719,0.7
720,0.9
721,0.2
722,0.5
723,0.7
724,1.0
725,0.5
726,0.9
727,0.3
728,0.9
729,1.0
730,1.0
731,1.0
732,1.0
733,0.3
734,0.9
735,0.5
736,0.7
737,0.4
738,0.9
739,0.3
740,0.2
741,0.9
742,0.7
743,1.0
744,1.0
745,1.0
746,1.0
747,0.1
748,1.0
749,0.5
750,0.8
751,0.0
752,0.7
753,0.9
754,0.8
755,0.1
756,0.8
757,0.4
758,1.0
759,1.0
760,0.1
761,0.5
762,1.0
763,0.8
764,1.0
765,0.9
766,0.9
767,0.3
768,0.8
769,0.1
770,0.9
771,0.5
772,1.0
773,0.1
774,0.2
775,1.0
776,0.5
777,0.2
778,1.0
779,0.1
780,0.6
781,0.2
782,1.0
783,0.8
784,1.0
785,0.8
786,0.0
787,1.0
788,1.0
789,0.0
790,0.3
791,1.0
792,0.0
793,0.9
794,0.6
795,1.0
796,0.8
797,0.3
798,0.7
799,1.0
800,0.4
801,0.9
802,1.0
803,0.4
804,0.9
805,0.2
806,0.0
807,1.0
808,0.0
809,0.9
810,0.8
811,0.7
812,0.0
813,0.5
814,0.4
815,0.0
816,0.1
817,0.8
818,0.5
819,1.0
820,0.8
821,1.0
822,0.4
823,0.8
824,0.9
825,0.8
826,0.1
827,0.6
828,0.0
829,0.6
830,1.0
831,0.0
832,0.9
833,0.8
834,0.0
835,1.0
836,1.0
837,0.9
838,0.8
839,0.8
840,1.0
841,0.1
842,0.3
843,1.0
844,1.0
845,0.2
846,1.0
847,1.0
848,1.0
849,0.2
850,0.6
851,0.4
852,1.0
853,0.6
854,0.6
855,0.4
856,1.0
857,0.8
858,0.4
859,1.0
860,1.0
861,1.0
862,1.0
863,1.0
864,0.3
865,0.1
866,0.5
867,0.8
868,0.3
869,0.3
870,0.5
871,1.0
872,0.7
873,0.7
874,0.5
875,0.6
876,1.0
877,0.3
878,0.7
879,1.0
880,0.2
881,0.7
882,0.5
883,0.6
884,0.2
885,0.4
886,0.9
887,0.5
888,0.2
889,0.6
890,1.0
891,0.7
892,0.0
893,0.4
894,0.8
895,0.1
896,0.6
897,0.5
898,0.9
899,1.0
900,1.0
901,0.9
902,0.0
903,0.0
904,0.6
905,0.5
906,1.0
907,1.0
908,0.5
909,0.1
910,0.0
911,1.0
912,1.0
913,0.9
914,1.0
915,1.0
916,0.5
917,0.8
918,0.1
919,0.6
920,0.8
921,0.8
922,0.1
923,1.0
924,1.0
925,0.5
926,1.0
927,1.0
928,0.9
929,0.5
930,1.0
931,0.0
932,0.1
933,0.9
934,0.9
935,0.8
936,0.9
937,1.0
938,0.8
939,0.9
940,0.7
941,0.6
942,0.5
943,1.0
944,0.2
945,0.2
946,1.0
947,1.0
948,0.0
949,0.5
950,1.0
951,0.2
952,1.0
953,0.2
954,0.0
955,0.2
956,1.0
957,0.4
958,1.0
959,0.2
960,0.2
961,0.8
962,0.0
963,0.9
964,1.0
965,0.8
966,0.7
967,0.2
968,0.0
969,1.0
970,0.6
971,0.0
972,0.1
973,0.6
974,0.9
975,0.5
976,0.4
977,0.6
978,1.0
979,0.0
980,0.5
981,0.7
982,0.4
983,0.0
984,1.0
985,0.1
986,1.0
987,0.1
988,1.0
989,0.8
990,0.1
991,0.9
992,0.3
993,1.0
994,0.5
995,1.0
996,1.0
997,0.6
998,0.4
999,0.8
1000,1.0
1001,0.6
1002,0.6
1003,0.6
1004,0.2
1005,0.8
1006,0.3
1007,0.0
1008,0.9
1009,0.9
1010,0.7
1011,0.3
1012,0.5
1013,0.5
1014,1.0
1015,0.7
1016,0.5
1017,1.0
1018,1.0
1019,0.1
1020,0.0
1021,0.4
1022,0.8
1023,0.3
1024,0.6
1025,0.8
1026,0.1
1027,0.8
1028,0.2
1029,0.5
1030,0.1
1031,0.6
1032,0.0
1033,0.2
1034,0.0
1035,0.9
1036,0.0
1037,0.5
1038,0.8
1039,0.5
1040,0.0
1041,0.7
1042,0.4
1043,0.5
1044,0.7
1045,1.0
1046,1.0
1047,1.0
1048,0.4
1049,0.2
1050,0.9
1051,0.9
1052,1.0
1053,0.9
1054,0.0
1055,1.0
1056,0.8
1057,0.6
1058,0.8
1059,1.0
1060,0.9
1061,0.8
1062,0.6
1063,0.9
1064,0.8
1065,1.0
1066,0.0
1067,0.2
1068,0.8
1069,1.0
1070,0.3
1071,0.8
1072,1.0
1073,0.3
1074,1.0
1075,0.9
1076,0.2
1077,0.2
1078,1.0
1079,1.0
1080,0.9
1081,0.7
1082,0.8
1083,0.0
1084,0.9
1085,1.0
1086,0.8
1087,0.0
1088,1.0
1089,0.0
1090,0.2
1091,0.2
1092,0.0
1093,0.6
1094,0.2
1095,0.5
1096,1.0
1097,0.0
1098,0.8
1099,0.6
1100,0.7
1101,0.9
1102,0.2
1103,0.9
1104,0.8
1105,0.4
1106,0.1
1107,0.9
1108,1.0
1109,1.0
1110,1.0
1111,0.2
1112,0.5
1113,0.8
1114,0.3
1115,1.0
1116,0.2
1117,0.0
1118,0.7
1119,0.0
1120,1.0
1121,0.9
1122,0.6
1123,0.7
1124,1.0
1125,0.0
1126,1.0
1127,0.6
1128,0.5
1129,0.9
1130,1.0
1131,1.0
1132,0.7
1133,1.0
1134,1.0
1135,0.1
1136,0.2
1137,0.9
1138,1.0
1139,0.9
1140,0.5
1141,0.5
1142,0.0
1143,0.6
1144,1.0
1145,0.5
1146,1.0
1147,0.9
1148,0.3
1149,0.7
1150,0.9
1151,0.0
1152,0.5
1153,0.6
1154,0.8
1155,0.0
1156,0.9
1157,0.7
1158,0.0
1159,0.2
1160,0.1
1161,0.9
1162,1.0
1163,1.0
1164,1.0
1165,0.3
1166,0.9
1167,0.1
1168,1.0
1169,0.1
1170,1.0
1171,0.0
1172,0.0
1173,0.4
1174,0.2
1175,0.2
1176,0.8
1177,0.9
1178,0.3
1179,0.9
1180,1.0
1181,0.3
1182,0.8
1183,0.4
1184,1.0
1185,0.4
1186,0.2
1187,1.0
1188,0.5
1189,0.4
1190,0.6
1191,0.3
1192,0.7
1193,0.7
1194,0.5
1195,1.0
1196,0.6
1197,0.3
1198,1.0
1199,0.6
1200,1.0
1201,0.5
1202,0.9
1203,0.8
1204,1.0
1205,1.0
1206,0.0
1207,1.0
1208,1.0
1209,0.8
1210,1.0
1211,0.2
1212,1.0
1213,0.2
1214,1.0
1215,0.7
1216,0.1
1217,1.0
1218,0.3
1219,1.0
1220,0.8
1221,0.1
1222,1.0
1223,0.4
1224,0.4
1225,0.8
1226,0.3
1227,0.7
1228,0.8
1229,0.2
1230,0.3
1231,0.2
1232,0.9
1233,1.0
1234,0.5
1235,0.1
1236,0.9
1237,1.0
1238,1.0
1239,0.5
1240,0.0
1241,1.0
1242,0.5
1243,0.5
1244,0.1
1245,0.2
1246,0.9
1247,0.6
1248,1.0
1249,0.7
1250,0.1
1251,1.0
1252,0.3
1253,0.5
1254,0.9
1255,0.8
1256,0.1
1257,0.5
1258,0.9
1259,0.6
1260,0.8
1261,0.6
1262,1.0
1263,0.0
1264,0.4
1265,0.7
1266,0.4
1267,1.0
1268,0.3
1269,0.3
1270,1.0
1271,0.2
1272,0.2
1273,0.5
1274,0.6
1275,1.0
1276,1.0
1277,1.0
1278,1.0
1279,0.8
1280,0.6
1281,1.0
1282,0.6
1283,0.1
1284,0.4
1285,0.8
1286,1.0
1287,0.1
1288,0.9
1289,0.0
1290,0.9
1291,0.4
1292,0.6
1293,0.5
1294,0.4
1295,1.0
1296,1.0
1297,1.0
1298,1.0
1299,0.8
1300,0.1
1301,1.0
1302,0.9
1303,0.9
1304,1.0
1305,0.6
1306,0.9
1307,0.7
1308,1.0
1309,1.0
1310,0.5
1311,0.9
1312,1.0
1313,0.8
1314,0.9
1315,0.5
1316,1.0
1317,1.0
1318,0.9
1319,0.3
1320,0.4
1321,0.4
1322,1.0
1323,0.8
1324,1.0
1325,0.5
1326,1.0
1327,0.6
1328,0.7
1329,0.5
1330,0.8
1331,0.1
1332,0.9
1333,1.0
1334,0.5
1335,0.9
1336,0.8
1337,0.1
1338,0.6
1339,0.5
1340,0.9
1341,0.3
1342,1.0
1343,1.0
1344,0.4
1345,0.6
1346,1.0
1347,0.0
1348,0.6
1349,0.2
1350,0.5
1351,1.0
1352,0.3
1353,0.4
1354,0.8
1355,0.8
1356,0.1
1357,0.9
1358,0.8
1359,0.8
1360,0.7
1361,0.5
1362,0.3
1363,1.0
1364,0.9
1365,1.0
1366,0.6
1367,0.0
1368,0.6
1369,0.2
1370,0.9
1371,0.0
1372,0.9
1373,0.7
1374,1.0
1375,1.0
1376,0.2
1377,0.9
1378,0.1
1379,0.9
1380,0.1
1381,0.9
1382,0.2
1383,0.2
1384,0.5
1385,1.0
1386,0.4
1387,0.8
1388,0.1
1389,0.1
1390,0.6
1391,1.0
1392,0.9
1393,1.0
1394,0.7
1395,0.0
1396,0.4
1397,0.2
1398,0.6
1399,0.8
1400,1.0
1401,0.0
1402,1.0
1403,1.0
1404,0.5
1405,1.0
1406,1.0
1407,0.6
1408,0.4
1409,0.2
1410,0.6
1411,1.0
1412,0.7
1413,0.5
1414,1.0
1415,1.0
1416,0.9
1417,0.9
1418,0.7
1419,0.8
1420,0.4
1421,1.0
1422,0.2
1423,0.1
1424,0.5
1425,0.9
1426,0.3
1427,0.7
1428,1.0
1429,0.5
1430,1.0
1431,1.0
1432,0.3
1433,0.5
1434,0.9
1435,0.6
1436,0.8
1437,0.6
1438,0.8
1439,0.6
1440,1.0
1441,0.1
1442,0.1
1443,0.8
1444,1.0
1445,0.0
1446,1.0
1447,0.9
1448,0.0
1449,0.2
1450,1.0
1451,0.9
1452,0.9
1453,0.0
1454,0.7
1455,1.0
1456,1.0
1457,1.0
1458,0.0
1459,0.4
1460,1.0
1461,1.0
1462,0.4
1463,1.0
1464,0.5
1465,0.2
1466,0.8
1467,0.9
1468,0.7
1469,0.8
1470,0.6
1471,1.0
1472,0.9
1473,0.8
1474,0.9
1475,0.2
1476,1.0
1477,0.9
1478,0.5
1479,0.8
1480,1.0
1481,0.9
1482,0.2
1483,0.0
1484,0.3
1485,0.1
1486,0.4
1487,1.0
1488,0.1
1489,1.0
1490,0.5
1491,0.9
1492,0.8
1493,0.7
1494,0.4
1495,1.0
1496,0.1
1497,1.0
1498,1.0
1499,0.9
1500,0.3
1501,0.3
1502,0.4
1503,1.0
1504,0.5
1505,1.0
1506,0.7
1507,0.2
1508,0.8
1509,0.0
1510,0.8
1511,1.0
1512,1.0
1513,0.0
1514,0.3
1515,1.0
1516,0.0
1517,0.0
1518,1.0
1519,1.0
1520,1.0
1521,0.0
1522,1.0
1523,0.8
1524,0.0
1525,0.0
1526,1.0
1527,0.0
1528,0.2
1529,1.0
1530,0.3
1531,1.0
1532,1.0
1533,1.0
1534,0.6
1535,0.8
1536,0.8
1537,0.8
1538,0.2
1539,0.0
1540,0.3
1541,0.3
1542,1.0
1543,1.0
1544,0.5
1545,0.0
1546,0.8
1547,1.0
1548,0.9
1549,0.8
1550,1.0
1551,0.8
1552,0.6
1553,0.9
1554,0.1
1555,0.3
1556,0.9
1557,0.6
1558,1.0
1559,0.6
1560,0.3
1561,0.3
1562,1.0
1563,0.0
1564,0.4
1565,1.0
1566,0.1
1567,1.0
1568,1.0
1569,0.2
1570,0.1
1571,0.1
1572,1.0
1573,0.6
1574,0.9
1575,1.0
1576,1.0
1577,0.8
1578,0.7
1579,0.4
1580,0.4
1581,0.4
1582,0.5
1583,0.2
1584,0.9
1585,0.2
1586,1.0
1587,0.5
1588,0.7
1589,1.0
1590,0.2
1591,0.5
1592,0.6
1593,0.3
1594,0.4
1595,0.9
1596,1.0
1597,1.0
1598,0.9
1599,1.0
1600,1.0
1601,0.7
1602,0.2
1603,0.9
1604,1.0
1605,0.7
1606,0.9
1607,0.4
1608,0.1
1609,0.1
1610,0.5
1611,1.0
1612,0.5
1613,0.2
1614,0.7
1615,1.0
1616,0.5
1617,0.1
1618,0.5
1619,0.4
1620,0.4
1621,0.1
1622,0.0
1623,0.7
1624,0.5
1625,0.7
1626,0.3
1627,0.5
1628,0.4
1629,0.1
1630,0.9
1631,0.9
1632,0.8
1633,1.0
1634,0.8
1635,0.0
1636,0.7
1637,0.8
1638,1.0
1639,0.8
1640,0.9
1641,0.7
1642,1.0
1643,0.2
1644,1.0
1645,1.0
1646,0.6
1647,1.0
1648,0.3
1649,0.2
1650,0.8
1651,0.4
1652,0.5
1653,0.9
1654,0.8
1655,0.2
1656,0.8
1657,0.6
1658,0.9
1659,0.4
1660,1.0
1661,1.0
1662,1.0
1663,0.8
1664,0.9
1665,1.0
1666,0.6
1667,0.3
1668,0.1
1669,0.0
1670,0.3
1671,0.8
1672,0.0
1673,0.3
1674,1.0
1675,0.9
1676,0.9
1677,0.4
1678,0.8
1679,1.0
1680,0.9
1681,0.9
1682,1.0
1683,0.0
1684,1.0
1685,0.5
1686,0.3
1687,0.8
1688,0.2
1689,0.7
1690,0.8
1691,1.0
1692,1.0
1693,0.9
1694,0.8
1695,0.5
1696,0.7
1697,0.6
1698,0.0
1699,0.8
1700,1.0
1701,0.6
1702,0.8
1703,0.0
1704,0.4
1705,0.9
1706,0.2
1707,0.0
1708,0.5
1709,1.0
1710,0.0
1711,1.0
1712,0.2
1713,0.6
1714,0.5
1715,0.9
1716,0.4
1717,1.0
1718,0.6
1719,0.0
1720,0.6
1721,1.0
1722,0.9
1723,0.0
1724,0.2
1725,1.0
1726,1.0
1727,0.4
1728,0.4
1729,0.0
1730,1.0
1731,0.9
1732,0.7
1733,0.8
1734,0.9
1735,1.0
1736,0.6
1737,0.1
1738,1.0
1739,1.0
1740,0.4
1741,1.0
1742,0.5
1743,0.3
1744,0.0
1745,1.0
1746,1.0
1747,0.7
1748,1.0
1749,0.1
1750,0.0
1751,0.9
1752,1.0
1753,1.0
1754,1.0
1755,0.5
1756,1.0
1757,0.8
1758,1.0
1759,0.8
1760,0.8
1761,0.9
1762,0.9
1763,0.8
1764,1.0
1765,0.3
1766,0.4
1767,1.0
1768,0.6
1769,0.9
1770,0.7
1771,1.0
1772,1.0
1773,0.7
1774,0.6
1775,0.5
1776,0.8
1777,0.0
1778,0.1
1779,0.7
1780,0.5
1781,0.8
1782,0.7
1783,1.0
1784,0.7
1785,0.8
1786,0.9
1787,1.0
1788,0.8
1789,0.5
1790,1.0
1791,0.5
1792,0.8
1793,1.0
1794,0.1
1795,1.0
1796,0.8
1797,0.9
1798,0.3
1799,0.4
1800,1.0
1801,1.0
1802,1.0
1803,0.8
1804,0.9
1805,0.6
1806,0.5
1807,0.7
1808,1.0
1809,1.0
1810,0.0
1811,0.1
1812,0.7
1813,0.6
1814,1.0
1815,0.4
1816,0.3
1817,0.8
1818,1.0
1819,0.9
1820,0.9
1821,0.0
1822,0.8
1823,0.0
1824,0.1
1825,1.0
1826,0.9
1827,0.1
1828,0.5
1829,1.0
1830,0.4
1831,1.0
1832,1.0
1833,0.6
1834,0.0
1835,1.0
1836,0.0
1837,0.1
1838,0.4
1839,0.3
1840,1.0
1841,0.3
1842,0.2
1843,0.1
1844,0.5
1845,1.0
1846,1.0
1847,1.0
1848,0.3
1849,0.8
1850,0.0
1851,0.6
1852,0.3
1853,0.9
1854,0.7
1855,1.0
1856,0.4
1857,0.1
1858,1.0
1859,1.0
1860,0.3
1861,0.6
1862,0.6
1863,0.9
1864,0.6
1865,1.0
1866,0.3
1867,1.0
1868,0.2
1869,1.0
1870,1.0
1871,0.8
1872,1.0
1873,0.8
1874,1.0
1875,0.6
1876,0.8
1877,0.1
1878,0.1
1879,1.0
1880,1.0
1881,0.7
1882,0.8
1883,0.0
1884,0.0
1885,1.0
1886,1.0
1887,0.8
1888,0.8
1889,0.0
1890,0.8
1891,1.0
1892,0.7
1893,0.5
1894,0.2
1895,1.0
1896,0.0
1897,0.4
1898,0.1
1899,1.0
1900,0.0
1901,0.9
1902,0.7
1903,1.0
1904,1.0
1905,1.0
1906,0.2
1907,0.3
1908,0.9
1909,0.6
1910,1.0
1911,0.7
1912,0.3
1913,0.5
1914,1.0
1915,0.6
1916,0.0
1917,0.8
1918,1.0
1919,0.0
1920,0.3
1921,0.9
1922,1.0
1923,0.0
1924,1.0
1925,1.0
1926,0.1
1927,0.1
1928,1.0
1929,0.6
1930,1.0
1931,1.0
1932,0.1
1933,0.5
1934,1.0
1935,0.3
1936,0.9
1937,0.7
1938,0.4
1939,1.0
1940,0.2
1941,0.5
1942,1.0
1943,0.7
1944,0.0
1945,0.1
1946,0.9
1947,1.0
1948,0.9
1949,1.0
1950,0.4
1951,1.0
1952,0.1
1953,0.5
1954,1.0
1955,0.8
1956,0.4
1957,0.1
1958,0.2
1959,0.6
1960,1.0
1961,1.0
1962,1.0
1963,0.9
1964,0.3
1965,0.9
1966,0.6
1967,0.9
1968,0.9
1969,0.9
1970,0.5
1971,1.0
1972,0.8
1973,1.0
1974,1.0
1975,0.9
1976,0.2
1977,0.0
1978,0.5
1979,0.9
1980,0.9
1981,0.9
1982,0.5
1983,0.9
1984,0.4
1985,1.0
1986,0.9
1987,1.0
1988,1.0
1989,1.0
1990,0.3
1991,0.4
1992,1.0
1993,1.0
1994,1.0
1995,0.6
1996,0.9
1997,0.9
1998,0.7
1999,1.0
2000,0.0
2001,1.0
2002,0.9
2003,0.3
2004,1.0
2005,0.4
2006,0.9
2007,0.1
2008,0.2
2009,0.9
2010,0.9
2011,0.3
2012,0.9
2013,1.0
2014,1.0
2015,0.8
2016,1.0
2017,1.0
2018,0.0
2019,1.0
2020,0.8
2021,0.4
2022,1.0
2023,0.0
2024,0.0
2025,0.6
2026,0.6
2027,1.0
2028,0.5
2029,0.4
2030,1.0
2031,0.9
2032,0.2
2033,1.0
2034,1.0
2035,0.9
2036,0.4
2037,0.9
2038,0.1
2039,0.3
2040,1.0
2041,1.0
2042,1.0
2043,1.0
2044,1.0
2045,0.9
2046,0.9
2047,0.3
2048,0.1
2049,0.1
2050,0.6
2051,1.0
2052,1.0
2053,0.0
2054,1.0
2055,0.7
2056,0.8
2057,0.9
2058,0.4
2059,0.8
2060,0.0
2061,0.2
2062,0.8
2063,1.0
2064,1.0
2065,0.0
2066,0.6
2067,0.4
2068,0.4
2069,0.5
2070,1.0
2071,0.6
2072,0.1
2073,0.8
2074,0.7
2075,0.9
2076,0.7
2077,0.7
2078,0.0
2079,1.0
2080,1.0
2081,0.8
2082,0.5
2083,0.6
2084,1.0
2085,0.3
2086,0.8
2087,0.9
2088,0.5
2089,1.0
2090,0.2
2091,1.0
2092,0.8
2093,0.5
2094,0.8
2095,0.4
2096,0.6
2097,0.3
2098,0.2
2099,1.0
2100,1.0
2101,1.0
2102,1.0
2103,0.9
2104,0.9
2105,1.0
2106,0.7
2107,0.7
2108,0.0
2109,0.7
2110,0.1
2111,1.0
2112,0.8
2113,0.0
2114,1.0
2115,0.3
2116,0.9
2117,0.5
2118,0.0
2119,1.0
2120,0.0
2121,0.7
2122,0.8
2123,1.0
2124,0.0
2125,0.9
2126,1.0
2127,0.8
2128,0.0
2129,0.8
2130,0.1
2131,0.7
2132,1.0
2133,0.4
2134,0.4
2135,0.9
2136,0.2
2137,1.0
2138,0.6
2139,0.7
2140,0.0
2141,1.0
2142,1.0
2143,0.1
2144,1.0
2145,0.8
2146,0.4
2147,0.6
2148,0.6
2149,0.9
2150,0.0
2151,0.9
2152,1.0
2153,1.0
2154,0.7
2155,0.8
2156,1.0
2157,1.0
2158,1.0
2159,0.2
2160,0.2
2161,1.0
2162,0.1
2163,0.1
2164,0.8
2165,0.4
2166,1.0
2167,0.8
2168,0.0
2169,0.4
2170,1.0
2171,0.6
2172,0.0
2173,1.0
2174,0.9
2175,0.7
2176,0.4
2177,0.5
2178,0.1
2179,1.0
2180,0.4
2181,1.0
2182,0.2
2183,0.1
2184,0.8
2185,1.0
2186,0.6
2187,0.4
2188,0.7
2189,0.4
2190,0.3
2191,1.0
2192,1.0
2193,1.0
2194,1.0
2195,1.0
2196,0.6
2197,0.9
2198,0.7
2199,0.2
2200,1.0
2201,0.3
2202,1.0
2203,0.4
2204,0.8
2205,0.6
2206,0.3
2207,0.8
2208,0.8
2209,1.0
2210,1.0
2211,0.7
2212,0.9
2213,0.6
2214,0.8
2215,1.0
2216,0.9
2217,1.0
2218,0.0
2219,0.7
2220,0.5
2221,0.4
2222,0.6
2223,0.7
2224,1.0
2225,0.0
2226,0.1
2227,1.0
2228,0.0
2229,0.2
2230,0.6
2231,1.0
2232,0.8
2233,0.1
2234,0.5
2235,0.7
2236,0.5
2237,1.0
2238,1.0
2239,0.1
2240,0.0
2241,0.0
2242,0.7
2243,0.2
2244,1.0
2245,0.0
2246,0.7
2247,0.0
2248,0.7
2249,0.2
2250,1.0
2251,0.3
2252,0.4
2253,0.3
2254,0.1
2255,0.1
2256,0.5
2257,0.2
2258,1.0
2259,0.0
2260,1.0
2261,1.0
2262,0.0
2263,0.5
2264,0.7
2265,0.5
2266,0.4
2267,0.8
2268,0.9
2269,0.9
2270,0.8
2271,0.5
2272,0.4
2273,1.0
2274,0.8
2275,0.3
2276,0.1
2277,0.1
2278,0.1
2279,0.0
2280,0.3
2281,0.0
2282,0.8
2283,0.0
2284,1.0
2285,1.0
2286,0.0
2287,0.1
2288,0.8
2289,0.3
2290,0.5
2291,0.1
2292,0.2
2293,0.4
2294,1.0
2295,0.6
2296,0.4
2297,0.8
2298,0.5
2299,0.1
2300,0.2
2301,0.5
2302,0.0
2303,1.0
2304,0.9
2305,0.4
2306,0.0
2307,0.8
2308,1.0
2309,0.3
2310,0.2
2311,0.2
2312,1.0
2313,1.0
2314,0.5
2315,0.9
2316,0.5
2317,1.0
2318,0.1
2319,0.9
2320,1.0
2321,1.0
2322,0.9
2323,0.1
2324,0.9
2325,0.6
2326,0.1
2327,0.5
2328,0.1
2329,0.1
2330,1.0
2331,0.8
2332,1.0
2333,0.1
2334,0.1
2335,0.3
2336,0.4
2337,0.0
2338,0.2
2339,0.0
2340,0.8
2341,0.0
2342,1.0
2343,0.2
2344,0.5
2345,0.5
2346,0.0
2347,0.0
2348,0.7
2349,1.0
2350,0.6
2351,0.9
2352,0.3
2353,1.0
2354,0.7
2355,0.6
2356,0.9
2357,0.3
2358,0.2
2359,0.2
2360,0.9
2361,0.0
2362,0.6
2363,0.0
2364,0.9
2365,0.9
2366,0.5
2367,1.0
2368,0.6
2369,0.4
2370,0.9
2371,0.3
2372,0.0
2373,0.8
2374,1.0
2375,0.9
2376,0.9
2377,1.0
2378,0.6
2379,1.0
2380,0.9
2381,0.0
2382,1.0
2383,0.0
2384,0.0
2385,0.9
2386,0.2
2387,0.0
2388,0.0
2389,0.0
2390,1.0
2391,1.0
2392,0.0
2393,0.6
2394,0.2
2395,0.0
2396,1.0
2397,0.0
2398,0.6
2399,0.7
2400,0.5
2401,1.0
2402,0.9
2403,1.0
2404,0.4
2405,0.2
2406,0.8
2407,1.0
2408,0.2
2409,0.1
2410,0.3
2411,1.0
2412,0.2
2413,1.0
2414,0.9
2415,1.0
2416,1.0
2417,0.0
2418,0.9
2419,0.3
2420,0.2
2421,0.9
2422,0.7
2423,1.0
2424,1.0
2425,0.2
2426,0.5
2427,0.2
2428,1.0
2429,0.7
2430,1.0
2431,0.5
2432,0.4
2433,1.0
2434,0.3
2435,1.0
2436,0.0
2437,0.9
2438,0.7
2439,0.4
2440,1.0
2441,0.9
2442,0.2
2443,0.9
2444,0.4
2445,0.0
2446,0.8
2447,0.7
2448,0.9
2449,0.0
2450,0.9
2451,0.8
2452,0.1
2453,0.0
2454,0.7
2455,0.6
2456,0.2
2457,0.4
2458,0.2
2459,0.8
2460,0.8
2461,0.4
2462,0.2
2463,0.6
2464,0.0
2465,0.8
2466,1.0
2467,0.1
2468,0.3
2469,0.1
2470,0.4
2471,0.2
2472,0.8
2473,1.0
2474,0.9
2475,0.5
2476,0.9
2477,1.0
2478,1.0
2479,0.0
2480,0.1
2481,0.9
2482,0.5
2483,1.0
2484,0.4
2485,0.9
2486,0.2
2487,1.0
2488,0.0
2489,0.6
2490,0.3
2491,1.0
2492,0.0
2493,0.0
2494,0.3
2495,0.5
2496,0.0
2497,0.6
2498,0.0
2499,0.6
2500,0.0
2501,0.0
2502,0.4
2503,0.7
2504,0.6
2505,0.9
2506,0.6
2507,1.0
2508,0.5
2509,0.2
2510,0.8
2511,1.0
2512,0.9
2513,0.0
2514,1.0
2515,0.7
2516,1.0
2517,1.0
2518,0.6
2519,0.2
2520,0.7
2521,0.4
2522,0.3
2523,0.7
2524,0.9
2525,0.6
2526,0.5
2527,0.8
2528,1.0
2529,0.2
2530,0.9
2531,0.9
2532,1.0
2533,0.4
2534,0.1
2535,0.7
2536,0.7
2537,1.0
2538,0.0
2539,1.0
2540,0.8
2541,1.0
2542,0.9
2543,0.0
2544,1.0
2545,0.0
2546,0.7
2547,1.0
2548,0.2
2549,0.7
2550,1.0
2551,0.5
2552,0.9
2553,0.5
2554,1.0
2555,1.0
2556,1.0
2557,1.0
2558,0.0
2559,0.8
2560,0.4
2561,1.0
2562,0.7
2563,1.0
2564,0.0
2565,0.8
2566,0.8
2567,0.0
2568,0.4
2569,0.6
2570,0.7
2571,0.6
2572,1.0
2573,0.4
2574,0.5
2575,0.9
2576,0.8
2577,0.1
2578,0.0
2579,0.1
2580,0.0
2581,0.1
2582,0.2
2583,0.5
2584,0.9
2585,1.0
2586,1.0
2587,0.9
2588,0.8
2589,0.3
2590,0.1
2591,0.1
2592,1.0
2593,0.8
2594,1.0
2595,0.9
2596,1.0
2597,1.0
2598,0.9
2599,0.9
2600,0.5
2601,0.6
2602,0.1
2603,1.0
2604,0.4
2605,0.0
2606,0.8
2607,0.8
2608,0.6
2609,1.0
2610,1.0
2611,1.0
2612,0.1
2613,1.0
2614,0.0
2615,0.9
2616,0.0
2617,0.5
2618,0.5
2619,0.5
2620,0.9
2621,0.0
2622,0.4
2623,0.8
2624,0.0
2625,0.4
2626,0.6
2627,0.9
2628,1.0
2629,0.0
2630,0.8
2631,1.0
2632,0.8
2633,0.7
2634,0.0
2635,1.0
2636,1.0
2637,1.0
2638,1.0
2639,0.6
2640,0.4
2641,0.0
2642,0.3
2643,0.7
2644,1.0
2645,0.7
2646,0.5
2647,0.0
2648,0.2
2649,0.8
2650,0.5
2651,0.0
2652,0.9
2653,0.6
2654,0.0
2655,0.9
2656,0.7
2657,0.2
2658,0.1
2659,1.0
2660,0.9
2661,1.0
2662,1.0
2663,0.7
2664,0.8
2665,0.8
2666,1.0
2667,0.0
2668,0.4
2669,0.1
2670,0.3
2671,0.8
2672,0.7
2673,0.1
2674,0.6
2675,0.2
2676,0.3
2677,0.8
2678,0.0
2679,0.1
2680,0.1
2681,0.8
2682,0.0
2683,1.0
2684,0.0
2685,0.8
2686,0.9
2687,0.8
2688,1.0
2689,0.7
2690,1.0
2691,0.2
2692,0.8
2693,0.0
2694,0.4
2695,1.0
2696,0.1
2697,1.0
2698,0.9
2699,0.9
2700,0.8
2701,0.8
2702,0.8
2703,0.3
2704,0.1
2705,0.3
2706,1.0
2707,0.9
2708,0.9
2709,1.0
2710,0.4
2711,0.1
2712,0.6
2713,1.0
2714,0.6
2715,0.7
2716,0.4
2717,0.7
2718,1.0
2719,1.0
2720,0.4
2721,0.7
2722,0.3
2723,0.9
2724,0.0
2725,1.0
2726,0.7
2727,0.4
2728,0.4
2729,0.2
2730,0.9
2731,0.2
2732,0.2
2733,0.5
2734,0.9
2735,0.3
2736,0.2
2737,0.3
2738,0.9
2739,0.4
2740,0.9
2741,1.0
2742,1.0
2743,1.0
2744,0.9
2745,1.0
2746,0.2
2747,0.0
2748,0.9
2749,0.8
2750,0.7
2751,0.3
2752,0.0
2753,0.8
2754,0.1
2755,0.8
2756,0.3
2757,1.0
2758,0.2
2759,0.0
2760,0.4
2761,0.1
2762,0.5
2763,0.9
2764,0.0
2765,0.0
2766,0.6
2767,0.8
2768,1.0
2769,1.0
2770,0.9
2771,0.8
2772,1.0
2773,1.0
2774,1.0
2775,0.5
2776,1.0
2777,0.0
2778,0.9
2779,1.0
2780,1.0
2781,0.1
2782,0.0
2783,1.0
2784,0.6
2785,1.0
2786,1.0
2787,0.7
2788,0.8
2789,0.9
2790,1.0
2791,1.0
2792,1.0
2793,0.1
2794,0.0
2795,0.9
2796,0.0
2797,1.0
2798,0.6
2799,1.0
2800,0.7
2801,1.0
2802,0.6
2803,0.0
2804,0.8
2805,0.8
2806,0.2
2807,0.7
2808,0.7
2809,0.0
2810,1.0
2811,0.8
2812,0.7
2813,1.0
2814,0.0
2815,1.0
2816,0.3
2817,0.5
2818,0.6
2819,1.0
2820,0.6
2821,0.6
2822,0.0
2823,0.3
2824,0.7
2825,0.0
2826,0.0
2827,1.0
2828,0.5
2829,0.1
2830,0.4
2831,1.0
2832,0.5
2833,0.5
2834,0.7
2835,1.0
2836,0.9
2837,1.0
2838,0.7
2839,1.0
2840,0.2
2841,0.4
2842,0.8
2843,0.6
2844,0.7
2845,0.7
2846,0.1
2847,1.0
2848,0.0
2849,0.3
2850,0.9
2851,0.0
2852,0.6
2853,0.3
2854,0.1
2855,1.0
2856,0.1
2857,0.5
2858,0.2
2859,0.7
2860,0.4
2861,0.6
2862,0.4
2863,0.5
2864,1.0
2865,0.6
2866,0.7
2867,0.8
2868,0.8
2869,0.2
2870,0.7
2871,0.7
2872,0.6
2873,0.6
2874,1.0
2875,1.0
2876,1.0
2877,0.6
2878,0.0
2879,1.0
2880,0.9
2881,0.6
2882,0.1
2883,0.0
2884,0.3
2885,0.8
2886,0.8
2887,0.9
2888,0.7
2889,0.9
2890,0.5
2891,1.0
2892,1.0
2893,1.0
2894,0.7
2895,0.0
2896,0.9
2897,0.7
2898,0.2
2899,0.8
2900,0.9
2901,1.0
2902,1.0
2903,1.0
2904,1.0
2905,0.3
2906,0.8
2907,0.5
2908,0.9
2909,0.9
2910,0.1
2911,0.5
2912,0.3
2913,0.0
2914,0.5
2915,1.0
2916,0.0
2917,0.1
2918,0.4
2919,0.2
2920,1.0
2921,0.9
2922,0.6
2923,0.9
2924,0.0
2925,0.9
2926,0.2
2927,1.0
2928,0.4
2929,0.6
2930,1.0
2931,1.0
2932,1.0
2933,0.8
2934,1.0
2935,0.8
2936,0.0
2937,1.0
2938,0.7
2939,1.0
2940,1.0
2941,1.0
2942,0.0
2943,1.0
2944,0.6
2945,1.0
2946,0.0
2947,0.9
2948,1.0
2949,1.0
2950,1.0
2951,1.0
2952,1.0
2953,0.8
2954,0.8
2955,1.0
2956,1.0
2957,0.0
2958,0.9
2959,0.8
2960,0.6
2961,0.9
2962,0.4
2963,1.0
2964,0.7
2965,1.0
2966,0.8
2967,1.0
2968,1.0
2969,1.0
2970,0.0
2971,0.8
2972,0.4
2973,1.0
2974,0.0
2975,0.5
2976,0.1
2977,1.0
2978,0.9
2979,1.0
2980,1.0
2981,0.3
2982,1.0
2983,0.4
2984,1.0
2985,0.4
2986,0.4
2987,0.4
2988,0.5
2989,0.4
2990,0.6
2991,1.0
2992,0.5
2993,0.6
2994,0.6
2995,0.8
2996,0.8
2997,1.0
2998,0.8
2999,1.0
3000,0.0
3001,0.0
3002,0.8
3003,1.0
3004,1.0
3005,1.0
3006,0.6
3007,0.5
3008,0.2
3009,0.1
3010,1.0
3011,0.8
3012,1.0
3013,0.3
3014,0.8
3015,0.7
3016,1.0
3017,0.0
3018,0.4
3019,0.8
3020,1.0
3021,1.0
3022,1.0
3023,1.0
3024,0.0
3025,0.0
3026,0.5
3027,1.0
3028,0.3
3029,0.0
3030,0.1
3031,0.1
3032,1.0
3033,0.6
3034,0.0
3035,0.4
3036,0.0
3037,0.0
3038,1.0
3039,0.9
3040,0.6
3041,1.0
3042,0.1
3043,0.0
3044,0.1
3045,0.8
3046,0.3
3047,0.3
3048,0.1
3049,0.3
3050,0.3
3051,1.0
3052,0.3
3053,0.9
3054,0.9
3055,0.0
3056,0.7
3057,0.0
3058,1.0
3059,0.5
3060,0.6
3061,0.2
3062,0.7
3063,0.9
3064,0.3
3065,1.0
3066,0.1
3067,0.8
3068,1.0
3069,1.0
3070,0.4
3071,0.1
3072,0.9
3073,1.0
3074,1.0
3075,1.0
3076,0.3
3077,1.0
3078,0.3
3079,0.0
3080,0.8
3081,1.0
3082,1.0
3083,0.0
3084,1.0
3085,0.3
3086,0.4
3087,1.0
3088,0.9
3089,0.4
3090,0.9
3091,0.9
3092,0.0
3093,1.0
3094,0.0
3095,0.2
3096,0.3
3097,0.7
3098,0.0
3099,0.8
3100,0.4
3101,1.0
3102,0.7
3103,0.8
3104,0.8
3105,0.4
3106,0.1
3107,0.8
3108,1.0
3109,0.2
3110,0.8
3111,0.5
3112,1.0
3113,0.3
3114,0.9
3115,0.8
3116,0.1
3117,0.3
3118,0.7
3119,0.0
3120,0.7
3121,0.7
3122,0.3
3123,0.2
3124,0.4
3125,0.5
3126,0.9
3127,0.1
3128,0.0
3129,0.7
3130,1.0
3131,0.1
3132,0.2
3133,0.8
3134,0.1
3135,0.6
3136,0.2
3137,0.9
3138,0.8
3139,0.1
3140,0.2
3141,0.6
3142,0.0
3143,1.0
3144,0.8
3145,0.8
3146,0.1
3147,0.5
3148,0.1
3149,0.4
3150,0.9
3151,1.0
3152,0.9
3153,1.0
3154,1.0
3155,0.0
3156,0.2
3157,0.5
3158,1.0
3159,1.0
3160,0.5
3161,0.2
3162,0.4
3163,0.2
3164,0.5
3165,0.9
3166,1.0
3167,0.9
3168,0.8
3169,0.0
3170,0.8
3171,0.0
3172,1.0
3173,0.8
3174,1.0
3175,0.3
3176,1.0
3177,0.9
3178,0.9
3179,0.4
3180,0.9
3181,0.2
3182,1.0
3183,0.1
3184,1.0
3185,0.5
3186,1.0
3187,1.0
3188,0.7
3189,0.3
3190,0.7
3191,0.3
3192,0.6
3193,0.0
3194,0.5
3195,0.9
3196,0.1
3197,0.1
3198,0.1
3199,0.6
3200,1.0
3201,1.0
3202,1.0
3203,0.4
3204,0.7
3205,0.1
3206,1.0
3207,0.8
3208,0.8
3209,1.0
3210,0.4
3211,0.8
3212,1.0
3213,0.2
3214,1.0
3215,0.0
3216,1.0
3217,0.7
3218,0.8
3219,0.0
3220,0.6
3221,1.0
3222,0.4
3223,1.0
3224,0.5
3225,0.1
3226,0.9
3227,0.8
3228,0.2
3229,0.7
3230,1.0
3231,0.1
3232,0.4
3233,0.7
3234,1.0
3235,0.4
3236,0.5
3237,0.0
3238,0.9
3239,0.1
3240,0.0
3241,0.6
3242,1.0
3243,0.6
3244,0.9
3245,0.2
3246,1.0
3247,0.0
3248,0.8
3249,0.4
3250,0.3
3251,0.9
3252,0.0
3253,0.5
3254,0.4
3255,1.0
3256,0.9
3257,0.9
3258,0.2
3259,0.5
3260,1.0
3261,0.9
3262,0.4
3263,0.7
3264,0.5
3265,1.0
3266,0.0
3267,0.5
3268,0.3
3269,0.4
3270,0.0
3271,1.0
3272,0.6
3273,0.4
3274,1.0
3275,1.0
3276,1.0
3277,1.0
3278,1.0
3279,1.0
3280,0.6
3281,1.0
3282,0.8
3283,1.0
3284,0.3
3285,0.1
3286,0.8
3287,0.1
3288,1.0
3289,0.0
3290,0.9
3291,0.7
3292,1.0
3293,0.8
3294,0.0
3295,0.6
3296,0.0
3297,0.0
3298,0.8
3299,0.8
3300,0.1
3301,0.8
3302,1.0
3303,1.0
3304,0.4
3305,0.6
3306,0.0
3307,0.2
3308,1.0
3309,0.9
3310,0.4
3311,0.5
3312,0.6
3313,0.4
3314,0.9
3315,0.4
3316,0.4
3317,1.0
3318,0.5
3319,1.0
3320,0.9
3321,0.7
3322,0.5
3323,0.8
3324,0.4
3325,0.7
3326,0.1
3327,0.0
3328,0.7
3329,0.6
3330,0.9
3331,0.7
3332,1.0
3333,0.1
3334,1.0
3335,1.0
3336,0.4
3337,0.2
3338,1.0
3339,0.3
3340,0.3
3341,0.9
3342,0.5
3343,1.0
3344,0.2
3345,0.9
3346,0.1
3347,0.4
3348,0.9
3349,0.8
3350,0.5
3351,0.4
3352,0.7
3353,1.0
3354,0.4
3355,0.5
3356,1.0
3357,1.0
3358,0.4
3359,0.5
3360,0.3
3361,1.0
3362,0.6
3363,0.5
3364,0.0
3365,0.5
3366,0.9
3367,0.2
3368,0.8
3369,0.8
3370,0.5
3371,1.0
3372,1.0
3373,0.7
3374,1.0
3375,0.9
3376,1.0
3377,0.4
3378,0.8
3379,1.0
3380,1.0
3381,0.3
3382,1.0
3383,0.5
3384,0.6
3385,1.0
3386,1.0
3387,1.0
3388,0.9
3389,0.3
3390,1.0
3391,0.1
3392,0.3
3393,0.3
3394,0.9
3395,0.7
3396,0.1
3397,0.8
3398,0.9
3399,1.0
3400,0.3
3401,0.0
3402,1.0
3403,0.2
3404,1.0
3405,0.8
3406,1.0
3407,0.8
3408,0.0
3409,1.0
3410,0.4
3411,1.0
3412,0.9
3413,1.0
3414,0.2
3415,0.9
3416,1.0
3417,1.0
3418,0.9
3419,0.0
3420,0.7
3421,0.5
3422,1.0
3423,0.6
3424,0.5
3425,0.3
3426,1.0
3427,0.4
3428,1.0
3429,0.7
3430,0.0
3431,1.0
3432,1.0
3433,0.1
3434,0.5
3435,1.0
3436,1.0
3437,0.3
3438,0.6
3439,0.5
3440,0.9
3441,0.9
3442,1.0
3443,1.0
3444,0.1
3445,0.0
3446,0.8
3447,0.0
3448,0.4
3449,1.0
3450,0.3
3451,1.0
3452,0.8
3453,0.4
3454,0.4
3455,1.0
3456,1.0
3457,1.0
3458,1.0
3459,0.0
3460,0.7
3461,0.2
3462,0.0
3463,0.7
3464,1.0
3465,0.6
3466,1.0
3467,0.4
3468,0.8
3469,0.3
3470,0.6
3471,0.7
3472,0.3
3473,0.1
3474,0.3
3475,0.8
3476,0.3
3477,0.7
3478,0.2
3479,0.5
3480,0.1
3481,0.4
3482,1.0
3483,1.0
3484,0.9
3485,0.2
3486,0.0
3487,0.7
3488,1.0
3489,0.4
3490,0.8
3491,1.0
3492,1.0
3493,0.5
3494,0.0
3495,1.0
3496,0.5
3497,0.7
3498,1.0
3499,0.3
3500,1.0
3501,1.0
3502,0.0
3503,0.5
3504,0.0
3505,0.2
3506,0.9
3507,0.1
3508,0.5
3509,0.7
3510,1.0
3511,1.0
3512,0.0
3513,1.0
3514,0.7
3515,0.4
3516,0.2
3517,0.7
3518,0.4
3519,1.0
3520,0.8
3521,0.8
3522,0.7
3523,0.7
3524,0.5
3525,0.9
3526,0.5
3527,0.3
3528,0.2
3529,1.0
3530,0.8
3531,0.9
3532,0.8
3533,1.0
3534,0.9
3535,1.0
3536,1.0
3537,0.5
3538,0.3
3539,0.2
3540,0.4
3541,0.4
3542,1.0
3543,1.0
3544,0.9
3545,0.1
3546,0.5
3547,1.0
3548,0.3
3549,1.0
3550,0.0
3551,0.7
3552,0.2
3553,0.8
3554,0.5
3555,0.8
3556,0.9
3557,0.9
3558,1.0
3559,0.6
3560,0.5
3561,0.7
3562,0.1
3563,0.8
3564,0.6
3565,0.9
3566,1.0
3567,0.5
3568,1.0
3569,0.0
3570,0.3
3571,0.2
3572,0.8
3573,1.0
3574,1.0
3575,0.9
3576,0.0
3577,1.0
3578,0.3
3579,0.4
3580,0.1
3581,0.1
3582,0.5
3583,0.9
3584,0.0
3585,0.8
3586,0.5
3587,0.8
3588,1.0
3589,1.0
3590,1.0
3591,0.8
3592,0.9
3593,1.0
3594,0.6
3595,0.6
3596,1.0
3597,0.8
3598,1.0
3599,0.6
3600,0.7
3601,0.1
3602,0.9
3603,0.9
3604,1.0
3605,1.0
3606,0.9
3607,0.2
3608,0.9
3609,1.0
3610,0.9
3611,0.9
3612,0.2
3613,0.2
3614,0.3
3615,1.0
3616,0.0
3617,0.8
3618,0.4
3619,0.1
3620,0.0
3621,1.0
3622,0.3
3623,0.3
3624,0.8
3625,0.0
3626,0.0
3627,0.9
3628,0.0
3629,0.6
3630,0.9
3631,0.8
3632,0.8
3633,1.0
3634,0.5
3635,0.4
3636,0.4
3637,1.0
3638,0.8
3639,1.0
3640,0.0
3641,1.0
3642,1.0
3643,1.0
3644,0.7
3645,0.0
3646,1.0
3647,1.0
3648,1.0
3649,0.0
3650,1.0
3651,1.0
3652,0.1
3653,0.4
3654,0.4
3655,1.0
3656,0.1
3657,0.2
3658,0.4
3659,0.8
3660,0.9
3661,1.0
3662,0.9
3663,1.0
3664,0.0
3665,0.1
3666,1.0
3667,0.0
3668,0.9
3669,1.0
3670,0.8
3671,0.9
3672,1.0
3673,0.3
3674,1.0
3675,0.2
3676,1.0
3677,1.0
3678,0.0
3679,0.6
3680,0.0
3681,0.3
3682,0.0
3683,0.7
3684,0.9
3685,0.0
3686,0.8
3687,1.0
3688,0.2
3689,0.0
3690,0.0
3691,0.3
3692,1.0
3693,1.0
3694,0.4
3695,0.6
3696,0.7
3697,0.9
3698,1.0
3699,0.1
3700,0.7
3701,1.0
3702,0.6
3703,0.3
3704,1.0
3705,1.0
3706,0.6
3707,1.0
3708,0.1
3709,0.4
3710,1.0
3711,0.4
3712,0.1
3713,0.2
3714,0.0
3715,0.9
3716,0.9
3717,1.0
3718,0.9
3719,0.1
3720,0.9
3721,0.7
3722,0.8
3723,1.0
3724,0.0
3725,0.1
3726,0.9
3727,0.2
3728,0.6
3729,1.0
3730,0.3
3731,0.4
3732,0.8
3733,1.0
3734,1.0
3735,1.0
3736,0.0
3737,1.0
3738,0.7
3739,0.9
3740,0.5
3741,0.7
3742,0.2
3743,0.6
3744,0.6
3745,0.1
3746,0.8
3747,1.0
3748,0.0
3749,0.3
3750,0.0
3751,1.0
3752,1.0
3753,1.0
3754,1.0
3755,0.7
3756,0.0
3757,0.9
3758,0.2
3759,0.9
3760,0.8
3761,0.9
3762,0.1
3763,0.4
3764,0.6
3765,0.9
3766,0.7
3767,0.6
3768,0.0
3769,0.6
3770,0.1
3771,0.4
3772,1.0
3773,0.6
3774,0.1
3775,0.3
3776,0.6
3777,0.8
3778,0.3
3779,1.0
3780,0.7
3781,0.9
3782,0.2
3783,0.8
3784,0.7
3785,0.4
3786,0.6
3787,0.2
3788,1.0
3789,0.1
3790,0.4
3791,0.0
3792,0.0
3793,0.7
3794,0.9
3795,0.9
3796,0.5
3797,1.0
3798,0.5
3799,1.0
3800,0.0
3801,0.4
3802,1.0
3803,0.5
3804,1.0
3805,0.7
3806,0.9
3807,1.0
3808,0.0
3809,0.0
3810,1.0
3811,1.0
3812,1.0
3813,0.8
3814,0.8
3815,0.8
3816,0.0
3817,0.1
3818,0.1
3819,0.8
3820,0.0
3821,0.1
3822,0.8
3823,0.8
3824,0.9
3825,0.7
3826,0.3
3827,0.6
3828,0.9
3829,1.0
3830,0.2
3831,0.8
3832,0.3
3833,0.7
3834,0.1
3835,0.2
3836,0.5
3837,0.2
3838,0.0
3839,1.0
3840,0.1
3841,0.1
3842,1.0
3843,0.5
3844,1.0
3845,0.9
3846,0.9
3847,0.3
3848,0.9
3849,0.7
3850,1.0
3851,1.0
3852,0.3
3853,0.4
3854,0.0
3855,0.7
3856,0.1
3857,0.2
3858,0.0
3859,0.7
3860,0.2
3861,0.0
3862,0.9
3863,0.6
3864,0.9
3865,1.0
3866,0.3
3867,0.3
3868,1.0
3869,1.0
3870,0.8
3871,1.0
3872,1.0
3873,0.2
3874,0.8
3875,0.6
3876,0.7
3877,0.9
3878,0.0
3879,0.1
3880,0.7
3881,1.0
3882,1.0
3883,0.8
3884,0.4
3885,0.1
3886,1.0
3887,0.6
3888,0.4
3889,0.4
3890,0.6
3891,0.4
3892,0.3
3893,0.2
3894,0.5
3895,0.0
3896,1.0
3897,0.9
3898,0.7
3899,0.8
3900,0.7
3901,0.8
3902,0.9
3903,0.9
3904,0.1
3905,0.7
3906,1.0
3907,1.0
3908,0.9
3909,0.0
3910,0.6
3911,0.6
3912,0.1
3913,0.0
3914,0.6
3915,0.6
3916,1.0
3917,1.0
3918,0.5
3919,0.7
3920,0.3
3921,0.5
3922,1.0
3923,0.8
3924,1.0
3925,0.6
3926,0.7
3927,1.0
3928,0.9
3929,1.0
3930,0.6
3931,1.0
3932,0.3
3933,0.3
3934,0.7
3935,0.0
3936,0.1
3937,0.5
3938,0.9
3939,1.0
3940,0.5
3941,1.0
3942,0.9
3943,0.4
3944,1.0
3945,0.3
3946,0.9
3947,0.0
3948,1.0
3949,0.0
3950,0.0
3951,0.3
3952,1.0
3953,0.1
3954,0.1
3955,0.7
3956,0.9
3957,0.9
3958,0.9
3959,1.0
3960,1.0
3961,0.7
3962,0.4
3963,1.0
3964,0.6
3965,0.6
3966,0.2
3967,0.2
3968,0.4
3969,0.8
3970,0.8
3971,0.4
3972,0.6
3973,0.1
3974,0.9
3975,0.6
3976,1.0
3977,0.0
3978,0.5
3979,0.9
3980,0.8
3981,0.0
3982,1.0
3983,0.5
3984,0.6
3985,0.3
3986,0.9
3987,0.8
3988,1.0
3989,0.4
3990,0.8
3991,0.0
3992,1.0
3993,0.1
3994,0.5
3995,1.0
3996,0.7
3997,1.0
3998,0.1
3999,0.2
4000,0.9
4001,1.0
4002,0.9
4003,0.5
4004,1.0
4005,1.0
4006,0.4
4007,0.2
4008,0.2
4009,0.1
4010,0.0
4011,0.2
4012,1.0
4013,0.9
4014,0.4
4015,1.0
4016,0.0
4017,1.0
4018,0.9
4019,0.9
4020,0.7
4021,0.6
4022,0.1
4023,0.2
4024,0.7
4025,0.7
4026,0.1
4027,0.7
4028,1.0
4029,0.6
4030,0.9
4031,0.7
4032,1.0
4033,0.7
4034,0.8
4035,0.9
4036,0.7
4037,0.1
4038,0.0
4039,1.0
4040,0.3
4041,0.1
4042,0.6
4043,1.0
4044,0.1
4045,0.3
4046,0.4
4047,0.6
4048,0.1
4049,0.9
4050,1.0
4051,0.8
4052,1.0
4053,1.0
4054,0.8
4055,1.0
4056,0.8
4057,0.2
4058,0.7
4059,0.4
4060,1.0
4061,0.0
4062,0.8
4063,1.0
4064,1.0
4065,1.0
4066,0.6
4067,0.9
4068,0.9
4069,0.2
4070,0.8
4071,0.8
4072,1.0
4073,1.0
4074,0.2
4075,0.8
4076,0.5
4077,1.0
4078,0.8
4079,0.1
4080,0.4
4081,0.6
4082,0.0
4083,0.5
4084,0.0
4085,0.9
4086,0.4
4087,0.8
4088,1.0
4089,0.7
4090,1.0
4091,0.7
4092,0.7
4093,0.5
4094,0.0
4095,0.2
4096,0.4
4097,0.8
4098,1.0
4099,0.9
4100,1.0
4101,0.4
4102,1.0
4103,0.2
4104,1.0
4105,0.5
4106,0.4
4107,0.6
4108,0.8
4109,0.9
4110,0.7
4111,0.9
4112,0.9
4113,0.8
4114,0.7
4115,0.3
4116,0.9
4117,0.2
4118,1.0
4119,0.3
4120,0.1
4121,0.7
4122,1.0
4123,0.5
4124,0.5
4125,0.1
4126,0.0
4127,1.0
4128,0.0
4129,0.1
4130,0.0
4131,0.2
4132,1.0
4133,0.1
4134,0.5
4135,0.7
4136,0.4
4137,0.8
4138,0.2
4139,1.0
4140,1.0
4141,0.8
4142,0.5
4143,0.7
4144,0.0
4145,0.6
4146,0.9
4147,0.8
4148,0.2
4149,0.7
4150,0.0
4151,0.1
4152,0.1
4153,1.0
4154,0.0
4155,0.9
4156,0.4
4157,0.6
4158,1.0
4159,0.9
4160,0.5
4161,0.7
4162,0.9
4163,0.0
4164,0.8
4165,0.4
4166,0.1
4167,0.0
4168,0.5
4169,1.0
4170,0.9
4171,0.5
4172,0.0
4173,1.0
4174,0.2
4175,0.5
4176,0.6
4177,0.0
4178,0.0
4179,0.1
4180,1.0
4181,0.7
4182,0.8
4183,0.5
4184,0.9
4185,1.0
4186,0.0
4187,0.8
4188,0.9
4189,0.7
4190,0.5
4191,0.2
4192,0.3
4193,0.7
4194,0.9
4195,0.9
4196,1.0
4197,0.9
4198,0.2
4199,0.6
4200,0.9
4201,0.6
4202,0.7
4203,0.8
4204,0.0
4205,1.0
4206,1.0
4207,0.0
4208,0.0
4209,1.0
4210,1.0
4211,0.1
4212,0.9
4213,0.4
4214,0.7
4215,1.0
4216,1.0
4217,0.3
4218,0.4
4219,0.7
4220,0.1
4221,0.9
4222,0.5
4223,0.7
4224,0.9
4225,0.1
4226,0.2
4227,0.8
4228,0.9
4229,0.3
4230,0.0
4231,0.0
4232,1.0
4233,0.9
4234,1.0
4235,0.7
4236,1.0
4237,0.6
4238,0.5
4239,0.8
4240,0.4
4241,0.6
4242,0.7
4243,0.3
4244,0.4
4245,0.0
4246,0.9
4247,1.0
4248,0.3
4249,1.0
4250,0.4
4251,1.0
4252,0.0
4253,0.0
4254,0.8
4255,1.0
4256,0.1
4257,1.0
4258,0.7
4259,0.4
4260,0.6
4261,0.8
4262,0.8
4263,0.4
4264,1.0
4265,0.3
4266,1.0
4267,0.0
4268,1.0
4269,0.1
4270,0.9
4271,0.8
4272,0.2
4273,0.0
4274,0.2
4275,0.2
4276,0.1
4277,0.2
4278,0.7
4279,0.2
4280,0.5
4281,0.5
4282,0.9
4283,0.5
4284,0.4
4285,1.0
4286,0.6
4287,0.8
4288,0.7
4289,0.0
4290,1.0
4291,1.0
4292,0.5
4293,0.8
4294,0.7
4295,0.2
4296,0.8
4297,0.2
4298,1.0
4299,0.6
4300,0.1
4301,0.2
4302,1.0
4303,0.6
4304,0.1
4305,0.9
4306,0.0
4307,0.1
4308,0.6
4309,0.8
4310,0.3
4311,1.0
4312,0.7
4313,0.2
4314,1.0
4315,0.9
4316,0.2
4317,1.0
4318,0.8
4319,0.2
4320,0.3
4321,0.2
4322,1.0
4323,0.9
4324,1.0
4325,0.9
4326,0.1
4327,0.1
4328,0.8
4329,1.0
4330,0.8
4331,1.0
4332,0.1
4333,0.5
4334,0.5
4335,0.2
4336,0.9
4337,0.5
4338,0.0
4339,0.1
4340,1.0
4341,0.7
4342,0.7
4343,0.0
4344,0.3
4345,0.7
4346,0.8
4347,0.2
4348,0.9
4349,0.2
4350,1.0
4351,0.1
4352,0.9
4353,0.8
4354,1.0
4355,0.6
4356,0.9
4357,0.1
4358,0.5
4359,0.9
4360,0.0
4361,0.3
4362,1.0
4363,0.0
4364,1.0
4365,0.0
4366,1.0
4367,0.3
4368,0.7
4369,0.7
4370,0.6
4371,0.0
4372,1.0
4373,0.7
4374,0.3
4375,0.8
4376,1.0
4377,0.8
4378,1.0
4379,0.0
4380,1.0
4381,0.8
4382,0.0
4383,0.0
4384,0.8
4385,0.6
4386,0.7
4387,0.6
4388,1.0
4389,0.4
4390,0.7
4391,0.7
4392,1.0
4393,0.7
4394,1.0
4395,1.0
4396,1.0
4397,0.8
4398,0.7
4399,1.0
4400,0.9
4401,0.1
4402,0.5
4403,0.4
4404,0.9
4405,0.3
4406,0.7
4407,0.5
4408,0.4
4409,1.0
4410,1.0
4411,0.6
4412,1.0
4413,1.0
4414,1.0
4415,0.6
4416,1.0
4417,0.1
4418,0.8
4419,0.9
4420,0.3
4421,1.0
4422,1.0
4423,1.0
4424,0.0
4425,0.0
4426,0.6
4427,0.6
4428,0.5
4429,0.8
4430,0.2
4431,1.0
4432,0.6
4433,0.1
4434,0.4
4435,0.0
4436,0.5
4437,0.0
4438,1.0
4439,0.6
4440,1.0
4441,0.0
4442,0.2
4443,0.9
4444,0.0
4445,0.7
4446,0.9
4447,1.0
4448,0.6
4449,1.0
4450,0.6
4451,0.2
4452,0.4
4453,1.0
4454,1.0
4455,1.0
4456,0.4
4457,1.0
4458,1.0
4459,0.7
4460,0.9
4461,1.0
4462,0.1
4463,0.5
4464,0.9
4465,1.0
4466,0.9
4467,1.0
4468,1.0
4469,0.1
4470,0.8
4471,0.4
4472,0.4
4473,0.7
4474,0.9
4475,1.0
4476,0.3
4477,1.0
4478,0.6
4479,0.3
4480,0.9
4481,0.6
4482,0.6
4483,1.0
4484,0.7
4485,0.3
4486,0.6
4487,0.1
4488,0.5
4489,1.0
4490,0.9
4491,0.5
4492,0.2
4493,0.0
4494,0.3
4495,1.0
4496,1.0
4497,0.4
4498,0.7
4499,0.0
4500,0.6
4501,0.8
4502,0.0
4503,0.9
4504,1.0
4505,0.4
4506,0.7
4507,0.9
4508,1.0
4509,0.0
4510,0.4
4511,0.7
4512,0.0
4513,0.0
4514,0.9
4515,0.7
4516,0.5
4517,0.4
4518,1.0
4519,0.7
4520,0.8
4521,0.0
4522,1.0
4523,0.8
4524,0.2
4525,0.2
4526,0.0
4527,0.1
4528,0.7
4529,1.0
4530,0.9
4531,0.0
4532,1.0
4533,0.5
4534,1.0
4535,1.0
4536,0.8
4537,1.0
4538,0.8
4539,0.4
4540,0.5
4541,0.1
4542,0.7
4543,0.2
4544,0.8
4545,0.7
4546,0.7
4547,0.4
4548,0.7
4549,0.1
4550,1.0
4551,0.7
4552,0.7
4553,0.0
4554,1.0
4555,1.0
4556,0.4
4557,1.0
4558,0.7
4559,0.8
4560,0.7
4561,0.5
4562,0.0
4563,0.7
4564,0.8
4565,1.0
4566,0.9
4567,0.0
4568,0.9
4569,1.0
4570,0.3
4571,0.1
4572,0.2
4573,0.1
4574,1.0
4575,0.8
4576,0.5
4577,0.8
4578,0.5
4579,0.6
4580,1.0
4581,0.4
4582,1.0
4583,0.3
4584,0.9
4585,0.9
4586,0.7
4587,0.0
4588,0.7
4589,1.0
4590,0.1
4591,0.0
4592,1.0
4593,0.0
4594,1.0
4595,0.7
4596,0.8
4597,0.5
4598,1.0
4599,0.8
4600,0.3
4601,1.0
4602,0.9
4603,0.4
4604,0.0
4605,1.0
4606,0.8
4607,1.0
4608,0.8
4609,0.6
4610,0.7
4611,0.9
4612,0.7
4613,1.0
4614,0.9
4615,0.1
4616,0.0
4617,0.0
4618,0.4
4619,0.7
4620,1.0
4621,0.6
4622,1.0
4623,0.8
4624,0.3
4625,0.1
4626,0.8
4627,0.3
4628,0.8
4629,0.3
4630,0.4
4631,0.3
4632,0.4
4633,0.9
4634,0.6
4635,0.4
4636,1.0
4637,0.2
4638,1.0
4639,1.0
4640,0.7
4641,0.8
4642,0.9
4643,1.0
4644,0.9
4645,1.0
4646,0.8
4647,0.6
4648,0.9
4649,0.5
4650,0.3
4651,1.0
4652,0.7
4653,0.8
4654,1.0
4655,0.7
4656,0.0
4657,0.2
4658,0.0
4659,1.0
4660,1.0
4661,0.4
4662,0.4
4663,1.0
4664,0.6
4665,0.6
4666,0.0
4667,0.8
4668,0.3
4669,1.0
4670,0.8
4671,0.1
4672,0.5
4673,1.0
4674,1.0
4675,0.9
4676,0.9
4677,0.4
4678,0.0
4679,0.4
4680,0.5
4681,0.0
4682,1.0
4683,0.9
4684,1.0
4685,0.7
4686,0.7
4687,0.8
4688,0.1
4689,0.7
4690,0.5
4691,0.8
4692,0.6
4693,0.8
4694,0.9
4695,0.9
4696,0.6
4697,0.0
4698,0.9
4699,0.8
4700,0.9
4701,0.1
4702,1.0
4703,0.0
4704,1.0
4705,0.3
4706,0.0
4707,0.2
4708,0.0
4709,0.7
4710,0.5
4711,0.8
4712,0.8
4713,0.9
4714,0.1
4715,0.9
4716,1.0
4717,0.6
4718,0.5
4719,0.1
4720,0.5
4721,0.7
4722,0.7
4723,1.0
4724,1.0
4725,0.9
4726,0.9
4727,1.0
4728,0.9
4729,0.5
4730,0.7
4731,1.0
4732,0.1
4733,0.6
4734,0.5
4735,1.0
4736,1.0
4737,1.0
4738,1.0
4739,1.0
4740,1.0
4741,1.0
4742,0.9
4743,0.1
4744,0.3
4745,1.0
4746,0.2
4747,0.0
4748,0.6
4749,0.9
4750,0.8
4751,0.2
4752,0.7
4753,0.9
4754,0.0
4755,0.6
4756,0.6
4757,0.8
4758,0.9
4759,1.0
4760,0.3
4761,0.2
4762,0.9
4763,1.0
4764,0.8
4765,0.7
4766,0.0
4767,1.0
4768,1.0
4769,0.9
4770,0.9
4771,0.0
4772,1.0
4773,0.0
4774,0.6
4775,0.0
4776,1.0
4777,0.4
4778,1.0
4779,0.0
4780,0.2
4781,1.0
4782,0.0
4783,0.1
4784,0.0
4785,0.1
4786,1.0
4787,0.4
4788,1.0
4789,0.3
4790,1.0
4791,0.5
4792,0.0
4793,0.4
4794,1.0
4795,0.3
4796,0.0
4797,0.0
4798,0.2
4799,0.8
4800,0.6
4801,0.4
4802,0.1
4803,0.4
4804,0.2
4805,0.8
4806,1.0
4807,0.3
4808,0.9
4809,1.0
4810,0.2
4811,0.2
4812,0.7
4813,0.0
4814,0.4
4815,0.5
4816,0.8
4817,1.0
4818,0.4
4819,1.0
4820,0.9
4821,0.3
4822,0.8
4823,1.0
4824,1.0
4825,1.0
4826,1.0
4827,1.0
4828,0.8
4829,1.0
4830,0.3
4831,1.0
4832,0.4
4833,0.8
4834,0.9
4835,0.4
4836,0.3
4837,0.0
4838,0.1
4839,0.6
4840,0.9
4841,0.2
4842,1.0
4843,0.1
4844,1.0
4845,1.0
4846,1.0
4847,0.7
4848,0.6
4849,1.0
4850,0.8
4851,1.0
4852,0.2
4853,0.1
4854,0.4
4855,0.5
4856,1.0
4857,1.0
4858,0.3
4859,0.7
4860,0.8
4861,0.1
4862,0.0
4863,0.8
4864,0.1
4865,0.5
4866,0.7
4867,0.8
4868,1.0
4869,1.0
4870,1.0
4871,0.8
4872,0.7
4873,0.1
4874,0.7
4875,0.9
4876,1.0
4877,0.7
4878,1.0
4879,0.0
4880,0.9
4881,1.0
4882,0.8
4883,0.6
4884,0.9
4885,1.0
4886,0.2
4887,0.0
4888,0.0
4889,0.1
4890,1.0
4891,0.5
4892,1.0
4893,0.8
4894,1.0
4895,0.9
4896,0.0
4897,0.5
4898,1.0
4899,0.7
4900,0.0
4901,0.9
4902,0.1
4903,0.5
4904,0.4
4905,0.8
4906,0.3
4907,0.4
4908,0.7
4909,1.0
4910,0.2
4911,1.0
4912,0.4
4913,0.2
4914,1.0
4915,0.6
4916,0.0
4917,0.8
4918,0.6
4919,1.0
4920,1.0
4921,0.1
4922,0.9
4923,0.6
4924,1.0
4925,0.4
4926,1.0
4927,0.8
4928,1.0
4929,1.0
4930,0.9
4931,0.9
4932,0.9
4933,0.9
4934,0.0
4935,1.0
4936,0.7
4937,0.4
4938,0.5
4939,1.0
4940,0.2
4941,0.2
4942,0.3
4943,1.0
4944,0.9
4945,1.0
4946,0.0
4947,0.9
4948,1.0
4949,0.9
4950,0.3
4951,0.1
4952,0.9
4953,0.9
4954,0.7
4955,0.2
4956,0.7
4957,1.0
4958,0.6
4959,0.1
4960,0.9
4961,1.0
4962,0.0
4963,1.0
4964,0.0
4965,1.0
4966,0.3
4967,1.0
4968,1.0
4969,1.0
4970,0.5
4971,1.0
4972,1.0
4973,0.8
4974,0.9
4975,1.0
4976,0.1
4977,0.1
4978,0.0
4979,0.0
4980,0.9
4981,0.3
4982,0.5
4983,1.0
4984,1.0
4985,0.0
4986,0.8
4987,0.0
4988,0.0
4989,0.1
4990,0.1
4991,1.0
4992,0.4
4993,0.3
4994,0.7
4995,0.3
4996,0.7
4997,0.7
4998,1.0
4999,0.2
5000,1.0
5001,1.0
5002,0.9
5003,0.7
5004,0.6
5005,1.0
5006,0.9
5007,0.2
5008,1.0
5009,0.7
5010,1.0
5011,0.0
5012,1.0
5013,0.0
5014,0.6
5015,0.7
5016,0.9
5017,0.7
5018,0.7
5019,0.8
5020,0.6
5021,0.1
5022,1.0
5023,1.0
5024,1.0
5025,0.9
5026,0.6
5027,1.0
5028,0.1
5029,0.0
5030,0.6
5031,1.0
5032,0.9
5033,0.0
5034,0.2
5035,0.4
5036,0.7
5037,0.8
5038,1.0
5039,0.3
5040,0.3
5041,0.0
5042,0.5
5043,1.0
5044,0.4
5045,1.0
5046,1.0
5047,0.2
5048,1.0
5049,1.0
5050,0.9
5051,0.0
5052,1.0
5053,1.0
5054,1.0
5055,0.9
5056,1.0
5057,0.0
5058,0.3
5059,1.0
5060,1.0
5061,0.4
5062,0.5
5063,0.5
5064,0.9
5065,0.2
5066,1.0
5067,1.0
5068,1.0
5069,0.6
5070,0.5
5071,1.0
5072,0.1
5073,0.6
5074,0.0
5075,0.7
5076,1.0
5077,0.0
5078,0.9
5079,0.6
5080,1.0
5081,0.2
5082,0.9
5083,1.0
5084,0.0
5085,1.0
5086,0.3
5087,0.2
5088,0.6
5089,0.8
5090,0.7
5091,0.9
5092,1.0
5093,0.0
5094,1.0
5095,1.0
5096,1.0
5097,0.9
5098,0.6
5099,0.3
5100,0.5
5101,1.0
5102,0.9
5103,0.8
5104,0.7
5105,0.9
5106,0.1
5107,0.7
5108,1.0
5109,1.0
5110,1.0
5111,1.0
5112,0.2
5113,0.9
5114,0.8
5115,1.0
5116,0.5
5117,0.3
5118,1.0
5119,0.4
5120,0.0
5121,0.9
5122,0.0
5123,0.1
5124,0.2
5125,1.0
5126,0.8
5127,0.4
5128,0.6
5129,1.0
5130,1.0
5131,0.0
5132,0.2
5133,0.8
5134,0.7
5135,0.7
5136,0.0
5137,0.9
5138,0.2
5139,0.9
5140,0.9
5141,0.0
5142,1.0
5143,1.0
5144,0.0
5145,0.0
5146,0.1
5147,1.0
5148,0.0
5149,0.0
5150,0.9
5151,0.9
5152,0.8
5153,0.6
5154,0.5
5155,0.9
5156,0.4
5157,0.3
5158,0.2
5159,1.0
5160,0.9
5161,0.1
5162,0.9
5163,0.7
5164,1.0
5165,0.4
5166,0.9
5167,0.9
5168,0.5
5169,0.3
5170,0.9
5171,0.0
5172,0.1
5173,0.6
5174,1.0
5175,0.6
5176,1.0
5177,1.0
5178,0.7
5179,1.0
5180,0.3
5181,0.0
5182,1.0
5183,1.0
5184,0.0
5185,1.0
5186,0.3
5187,0.5
5188,1.0
5189,1.0
5190,1.0
5191,1.0
5192,0.3
5193,0.9
5194,0.9
5195,0.0
5196,0.6
5197,1.0
5198,1.0
5199,1.0
5200,1.0
5201,0.9
5202,0.2
5203,0.0
5204,0.1
5205,0.3
5206,1.0
5207,1.0
5208,0.7
5209,0.7
5210,0.3
5211,0.3
5212,1.0
5213,0.0
5214,0.0
5215,1.0
5216,0.0
5217,0.9
5218,0.6
5219,0.9
5220,1.0
5221,0.1
5222,0.9
5223,0.8
5224,1.0
5225,0.0
5226,0.9
5227,0.0
5228,0.0
5229,0.0
5230,0.9
5231,0.0
5232,1.0
5233,1.0
5234,0.2
5235,0.6
5236,0.8
5237,0.7
5238,0.8
5239,0.9
5240,0.7
5241,0.7
5242,0.7
5243,0.1
5244,0.9
5245,1.0
5246,1.0
5247,0.9
5248,0.0
5249,0.6
5250,0.4
5251,0.5
5252,0.3
5253,0.7
5254,0.4
5255,1.0
5256,0.9
5257,0.5
5258,0.9
5259,0.8
5260,0.6
5261,0.8
5262,1.0
5263,0.8
5264,0.2
5265,0.5
5266,0.8
5267,1.0
5268,1.0
5269,0.8
5270,0.8
5271,1.0
5272,0.2
5273,0.5
5274,0.7
5275,0.0
5276,0.2
5277,0.4
5278,0.7
5279,1.0
5280,0.5
5281,0.8
5282,0.6
5283,0.0
5284,0.5
5285,0.6
5286,1.0
5287,1.0
5288,0.6
5289,1.0
5290,0.2
5291,0.7
5292,0.0
5293,1.0
5294,1.0
5295,0.9
5296,0.7
5297,0.2
5298,1.0
5299,0.9
5300,0.2
5301,1.0
5302,0.8
5303,0.0
5304,0.6
5305,0.1
5306,0.2
5307,0.0
5308,0.9
5309,0.2
5310,0.2
5311,0.1
5312,0.4
5313,0.3
5314,1.0
5315,0.0
5316,1.0
5317,1.0
5318,0.3
5319,1.0
5320,0.5
5321,0.8
5322,0.3
5323,0.4
5324,0.3
5325,0.4
5326,0.0
5327,0.3
5328,0.6
5329,0.1
5330,0.7
5331,1.0
5332,0.0
5333,1.0
5334,0.8
5335,1.0
5336,0.9
5337,0.0
5338,0.1
5339,0.3
5340,1.0
5341,0.7
5342,0.5
5343,0.6
5344,1.0
5345,0.1
5346,0.0
5347,0.9
5348,0.4
5349,0.5
5350,1.0
5351,0.4
5352,0.9
5353,1.0
5354,0.4
5355,1.0
5356,0.9
5357,1.0
5358,0.3
5359,0.9
5360,1.0
5361,0.9
5362,0.5
5363,0.8
5364,1.0
5365,0.6
5366,0.1
5367,0.9
5368,0.9
5369,0.9
5370,0.9
5371,0.6
5372,0.7
5373,0.4
5374,1.0
5375,1.0
5376,1.0
5377,0.2
5378,0.9
5379,0.5
5380,0.2
5381,1.0
5382,1.0
5383,0.0
5384,0.1
5385,0.3
5386,0.4
5387,0.3
5388,1.0
5389,0.0
5390,0.0
5391,0.8
5392,0.8
5393,0.6
5394,0.8
5395,0.6
5396,1.0
5397,0.1
5398,0.0
5399,1.0
5400,0.8
5401,0.9
5402,0.2
5403,0.9
5404,0.0
5405,0.6
5406,0.0
5407,0.9
5408,0.1
5409,0.2
5410,1.0
5411,0.7
5412,0.4
5413,0.4
5414,0.0
5415,1.0
5416,0.6
5417,0.1
5418,0.6
5419,0.5
5420,0.6
5421,0.2
5422,1.0
5423,0.8
5424,0.1
5425,0.0
5426,0.6
5427,0.0
5428,1.0
5429,0.7
5430,1.0
5431,0.1
5432,1.0
5433,0.0
5434,1.0
5435,0.9
5436,0.6
5437,0.6
5438,1.0
5439,1.0
5440,1.0
5441,0.3
5442,0.6
5443,0.4
5444,0.2
5445,0.2
5446,0.1
5447,0.9
5448,0.3
5449,0.3
5450,1.0
5451,1.0
5452,0.4
5453,1.0
5454,1.0
5455,0.7
5456,0.6
5457,1.0
5458,0.9
5459,1.0
5460,0.8
5461,1.0
5462,1.0
5463,0.8
5464,0.5
5465,0.5
5466,0.9
5467,0.2
5468,1.0
5469,1.0
5470,0.9
5471,0.0
5472,0.8
5473,0.4
5474,0.3
5475,0.9
5476,0.9
5477,0.0
5478,1.0
5479,0.9
5480,0.9
5481,0.3
5482,0.9
5483,0.4
5484,0.3
5485,0.9
5486,0.8
5487,1.0
5488,1.0
5489,1.0
5490,0.0
5491,1.0
5492,1.0
5493,0.9
5494,0.7
5495,0.8
5496,1.0
5497,0.6
5498,0.9
5499,0.7
5500,0.2
5501,0.5
5502,0.6
5503,0.7
5504,0.8
5505,1.0
5506,0.8
5507,0.0
5508,0.8
5509,0.8
5510,0.6
5511,0.9
5512,1.0
5513,0.2
5514,1.0
5515,0.9
5516,0.9
5517,0.3
5518,0.6
5519,0.1
5520,0.8
5521,0.2
5522,1.0
5523,1.0
5524,1.0
5525,1.0
5526,1.0
5527,0.4
5528,0.2
5529,0.3
5530,0.4
5531,1.0
5532,0.6
5533,0.9
5534,1.0
5535,0.0
5536,0.6
5537,0.1
5538,0.9
5539,0.9
5540,0.8
5541,0.2
5542,1.0
5543,0.2
5544,0.0
5545,1.0
5546,0.5
5547,0.7
5548,0.9
5549,0.2
5550,0.9
5551,0.9
5552,0.8
5553,0.8
5554,0.8
5555,0.4
5556,0.8
5557,1.0
5558,0.9
5559,0.5
5560,1.0
5561,0.0
5562,0.3
5563,0.9
5564,0.9
5565,0.3
5566,1.0
5567,0.0
5568,1.0
5569,0.8
5570,0.8
5571,1.0
5572,0.4
5573,0.2
5574,0.4
5575,1.0
5576,0.2
5577,0.1
5578,0.5
5579,1.0
5580,0.6
5581,1.0
5582,0.8
5583,0.6
5584,0.7
5585,1.0
5586,0.6
5587,0.9
5588,1.0
5589,1.0
5590,0.7
5591,0.3
5592,0.6
5593,0.3
5594,0.7
5595,0.7
5596,0.7
5597,0.5
5598,0.0
5599,1.0
5600,1.0
5601,0.9
5602,0.2
5603,0.0
5604,0.0
5605,0.2
5606,0.3
5607,1.0
5608,1.0
5609,0.0
5610,0.0
5611,0.6
5612,0.8
5613,0.9
5614,0.4
5615,1.0
5616,0.0
5617,0.5
5618,0.6
5619,1.0
5620,0.8
5621,0.2
5622,1.0
5623,0.1
5624,0.5
5625,1.0
5626,0.8
5627,0.2
5628,1.0
5629,0.8
5630,0.1
5631,0.9
5632,0.4
5633,0.5
5634,0.7
5635,0.9
5636,1.0
5637,0.0
5638,1.0
5639,0.9
5640,0.9
5641,0.3
5642,0.9
5643,0.0
5644,0.8
5645,0.8
5646,0.4
5647,1.0
5648,0.3
5649,1.0
5650,0.0
5651,0.8
5652,1.0
5653,0.3
5654,0.2
5655,0.1
5656,0.7
5657,0.9
5658,0.8
5659,0.6
5660,0.6
5661,0.5
5662,1.0
5663,1.0
5664,0.7
5665,0.6
5666,1.0
5667,0.8
5668,0.5
5669,1.0
5670,0.9
5671,0.6
5672,0.6
5673,0.6
5674,0.0
5675,0.6
5676,0.5
5677,0.1
5678,0.2
5679,0.6
5680,1.0
5681,1.0
5682,0.9
5683,0.2
5684,0.0
5685,0.2
5686,1.0
5687,1.0
5688,0.4
5689,0.0
5690,0.0
5691,0.9
5692,1.0
5693,0.9
5694,0.9
5695,0.4
5696,1.0
5697,0.8
5698,0.4
5699,0.8
5700,0.0
5701,0.9
5702,0.0
5703,0.3
5704,0.9
5705,0.8
5706,0.5
5707,1.0
5708,1.0
5709,0.7
5710,0.8
5711,0.7
5712,1.0
5713,0.5
5714,0.8
5715,0.3
5716,0.5
5717,0.9
5718,1.0
5719,1.0
5720,1.0
5721,0.8
5722,0.9
5723,0.4
5724,0.4
5725,0.0
5726,1.0
5727,0.7
5728,0.3
5729,0.4
5730,0.1
5731,0.7
5732,0.9
5733,1.0
5734,0.9
5735,0.4
5736,0.3
5737,0.9
5738,0.9
5739,0.5
5740,1.0
5741,1.0
5742,1.0
5743,0.7
5744,1.0
5745,0.2
5746,1.0
5747,0.8
5748,0.0
5749,1.0
5750,0.8
5751,0.0
5752,0.7
5753,1.0
5754,0.1
5755,0.0
5756,0.7
5757,0.5
5758,0.0
5759,1.0
5760,0.8
5761,1.0
5762,0.5
5763,0.4
5764,0.7
5765,1.0
5766,1.0
5767,0.6
5768,0.0
5769,0.8
5770,0.2
5771,0.8
5772,0.1
5773,0.6
5774,0.2
5775,0.9
5776,0.4
5777,0.0
5778,0.5
5779,1.0
5780,0.7
5781,0.8
5782,0.2
5783,0.1
5784,0.5
5785,1.0
5786,0.7
5787,0.0
5788,0.3
5789,0.9
5790,0.8
5791,1.0
5792,1.0
5793,0.2
5794,1.0
5795,0.2
5796,0.7
5797,0.5
5798,0.6
5799,0.0
5800,0.7
5801,0.9
5802,0.0
5803,0.8
5804,0.2
5805,0.2
5806,0.0
5807,1.0
5808,0.3
5809,0.8
5810,0.2
5811,0.3
5812,0.9
5813,1.0
5814,0.8
5815,1.0
5816,0.3
5817,0.0
5818,0.1
5819,1.0
5820,0.0
5821,1.0
5822,1.0
5823,0.1
5824,0.5
5825,0.5
5826,1.0
5827,0.2
5828,0.8
5829,1.0
5830,0.8
5831,0.2
5832,1.0
5833,0.0
5834,0.5
5835,0.9
5836,1.0
5837,0.0
5838,0.9
5839,0.6
5840,0.6
5841,0.8
5842,0.6
5843,0.2
5844,1.0
5845,0.1
5846,1.0
5847,1.0
5848,1.0
5849,1.0
5850,0.9
5851,0.9
5852,0.3
5853,0.0
5854,0.3
5855,1.0
5856,0.2
5857,1.0
5858,0.8
5859,0.3
5860,0.6
5861,0.8
5862,0.3
5863,0.8
5864,0.9
5865,0.4
5866,0.2
5867,0.6
5868,0.7
5869,0.3
5870,1.0
5871,1.0
5872,0.9
5873,1.0
5874,0.0
5875,0.7
5876,1.0
5877,0.6
5878,0.1
5879,0.2
5880,0.5
5881,0.9
5882,1.0
5883,0.7
5884,0.2
5885,0.8
5886,0.0
5887,1.0
5888,1.0
5889,0.7
5890,1.0
5891,0.1
5892,0.3
5893,0.8
5894,0.9
5895,0.1
5896,0.4
5897,0.7
5898,0.9
5899,0.8
5900,0.7
5901,0.5
5902,0.0
5903,0.1
5904,0.9
5905,1.0
5906,0.4
5907,0.0
5908,0.9
5909,1.0
5910,0.7
5911,0.9
5912,1.0
5913,0.7
5914,1.0
5915,0.9
5916,0.7
5917,0.8
5918,0.7
5919,1.0
5920,0.1
5921,1.0
5922,1.0
5923,0.2
5924,0.9
5925,0.0
5926,0.6
5927,0.9
5928,0.9
5929,0.6
5930,0.6
5931,0.9
5932,0.9
5933,0.8
5934,1.0
5935,0.3
5936,0.4
5937,1.0
5938,0.4
5939,0.8
5940,0.8
5941,0.4
5942,1.0
5943,0.4
5944,0.8
5945,0.9
5946,0.7
5947,0.2
5948,0.5
5949,1.0
5950,1.0
5951,1.0
5952,0.1
5953,0.9
5954,1.0
5955,0.8
5956,0.0
5957,0.9
5958,0.1
5959,0.6
5960,1.0
5961,1.0
5962,0.2
5963,0.9
5964,1.0
5965,0.2
5966,0.0
5967,0.0
5968,0.5
5969,1.0
5970,0.7
5971,0.6
5972,0.6
5973,0.9
5974,0.6
5975,0.2
5976,0.7
5977,0.2
5978,0.7
5979,1.0
5980,0.9
5981,1.0
5982,0.7
5983,0.0
5984,0.6
5985,1.0
5986,0.3
5987,0.9
5988,0.5
5989,0.0
5990,0.5
5991,0.9
5992,0.1
5993,0.9
5994,0.1
5995,0.9
5996,1.0
5997,0.0
5998,1.0
5999,0.8
6000,0.9
6001,0.3
6002,0.4
6003,0.9
6004,1.0
6005,0.9
6006,0.9
6007,0.6
6008,1.0
6009,0.7
6010,0.6
6011,1.0
6012,0.2
6013,1.0
6014,0.4
6015,1.0
6016,0.6
6017,1.0
6018,0.8
6019,1.0
6020,0.5
6021,0.4
6022,0.8
6023,0.4
6024,0.9
6025,1.0
6026,0.6
6027,0.3
6028,1.0
6029,0.7
6030,0.4
6031,0.7
6032,1.0
6033,0.8
6034,0.9
6035,0.6
6036,1.0
6037,0.7
6038,0.8
6039,1.0
6040,1.0
6041,0.8
6042,1.0
6043,0.5
6044,0.0
6045,0.2
6046,0.3
6047,0.5
6048,0.9
6049,0.9
6050,0.0
6051,0.7
6052,1.0
6053,1.0
6054,0.3
6055,0.7
6056,0.3
6057,1.0
6058,0.8
6059,0.6
6060,0.0
6061,1.0
6062,0.4
6063,0.6
6064,0.5
6065,0.5
6066,1.0
6067,0.7
6068,1.0
6069,0.7
6070,0.8
6071,1.0
6072,0.8
6073,0.0
6074,0.2
6075,1.0
6076,1.0
6077,0.2
6078,0.9
6079,1.0
6080,0.8
6081,0.5
6082,0.7
6083,0.2
6084,0.6
6085,0.0
6086,0.8
6087,1.0
6088,1.0
6089,1.0
6090,0.8
6091,0.5
6092,0.3
6093,1.0
6094,1.0
6095,0.0
6096,0.3
6097,0.9
6098,0.7
6099,0.9
6100,0.7
6101,0.0
6102,1.0
6103,0.0
6104,1.0
6105,0.0
6106,1.0
6107,0.0
6108,1.0
6109,0.0
6110,1.0
6111,0.5
6112,1.0
6113,1.0
6114,0.6
6115,1.0
6116,1.0
6117,0.9
6118,0.9
6119,0.3
6120,0.3
6121,0.1
6122,1.0
6123,1.0
6124,0.7
6125,0.3
6126,0.9
6127,0.5
6128,0.6
6129,0.5
6130,1.0
6131,0.3
6132,0.4
6133,0.8
6134,0.6
6135,1.0
6136,0.9
6137,1.0
6138,0.7
6139,0.2
6140,0.3
6141,0.5
6142,0.6
6143,0.4
6144,1.0
6145,0.1
6146,0.6
6147,0.0
6148,1.0
6149,0.9
6150,0.0
6151,1.0
6152,1.0
6153,0.1
6154,0.5
6155,0.4
6156,0.7
6157,0.6
6158,0.9
6159,0.7
6160,0.9
6161,0.9
6162,1.0
6163,1.0
6164,0.2
6165,0.4
6166,1.0
6167,1.0
6168,0.5
6169,0.1
6170,0.7
6171,0.0
6172,1.0
6173,0.5
6174,0.3
6175,0.9
6176,1.0
6177,0.2
6178,1.0
6179,0.9
6180,1.0
6181,0.9
6182,1.0
6183,0.4
6184,0.9
